/* Generated by tools/gen_fonts.py - do not edit */

#pragma once

#include <stdint.h>

typedef struct {
    uint32_t offset;     /* into the font's bitmap */
    uint8_t  width;
    uint8_t  height;
    int8_t   x_offset;
    int8_t   y_offset;   /* from the top of the line */
    uint8_t  advance;
} glyph_t;

typedef struct {
    const uint8_t *bitmap;   /* 4-bit alpha, rows padded to bytes */
    const glyph_t *glyphs;
    char first;
    char last;
    uint8_t height;          /* line height */
    uint8_t ascent;
} font_t;

static const uint8_t font_small_bitmap[3108] = {
    0x0E, 0x60, 0x0E, 0x50, 0x0D, 0x40, 0x0C, 0x40, 0x0B, 0x30, 0x0A, 0x20, 0x00, 0x00, 0x0B, 0x40, 0x0D, 0x60, 0x1F, 0x0B,
    0x60, 0x0F, 0x0A, 0x50, 0x0C, 0x08, 0x30, 0x00, 0x00, 0x00, 0x00, 0x00, 0x00, 0x00, 0x00, 0x00, 0x00, 0x00, 0x00, 0x00,
    0x00, 0x00, 0x00, 0x00, 0x00, 0x00, 0x0E, 0x01, 0xC0, 0x00, 0x00, 0x2C, 0x05, 0x80, 0x00, 0x2F, 0xFF, 0xFF, 0xFF, 0x00,
    0x00, 0x95, 0x0C, 0x20, 0x00, 0x00, 0xC2, 0x0E, 0x00, 0x00, 0xAF, 0xFF, 0xFF, 0xF9, 0x00, 0x01, 0xC0, 0x59, 0x00, 0x00,
    0x04, 0xA0, 0x86, 0x00, 0x00, 0x07, 0x70, 0xB3, 0x00, 0x00, 0x00, 0x0B, 0x20, 0x00, 0x04, 0xCF, 0xDA, 0x20, 0x1F, 0x5C,
    0x35, 0x10, 0x1F, 0x1B, 0x20, 0x00, 0x09, 0xEE, 0x50, 0x00, 0x00, 0x2D, 0xDD, 0x20, 0x00, 0x0B, 0x29, 0xA0, 0x14, 0x1B,
    0x4B, 0x80, 0x1C, 0xEF, 0xD8, 0x00, 0x00, 0x0B, 0x20, 0x00, 0x00, 0x05, 0x00, 0x00, 0x09, 0xEA, 0x00, 0x0C, 0x30, 0x00,
    0x2D, 0x0C, 0x40, 0x69, 0x00, 0x00, 0x59, 0x08, 0x60, 0xD1, 0x00, 0x00, 0x4A, 0x08, 0x68, 0x8C, 0xE5, 0x00, 0x2D, 0x1C,
    0x6D, 0x88, 0x1E, 0x00, 0x08, 0xE9, 0xA5, 0xA4, 0x0D, 0x10, 0x00, 0x03, 0xC0, 0xA4, 0x0D, 0x10, 0x00, 0x0C, 0x30, 0x78,
    0x1E, 0x00, 0x00, 0x69, 0x00, 0x1C, 0xE6, 0x00, 0x00, 0xAF, 0xE8, 0x00, 0x00, 0x06, 0xC1, 0x2F, 0x20, 0x00, 0x03, 0xE1,
    0x5D, 0x00, 0x00, 0x00, 0x9F, 0xB1, 0x00, 0x00, 0x07, 0xEA, 0xE2, 0x06, 0xC0, 0x2F, 0x30, 0x8E, 0x2B, 0x60, 0x4E, 0x00,
    0x08, 0xFD, 0x00, 0x1F, 0x60, 0x18, 0xFE, 0x20, 0x04, 0xCF, 0xE9, 0x18, 0xE1, 0x1F, 0x00, 0x0F, 0x00, 0x0C, 0x00, 0x00,
    0x00, 0x00, 0x00, 0x00, 0x00, 0x00, 0x00, 0x00, 0x00, 0x00, 0x00, 0x00, 0xD3, 0x08, 0x90, 0x0F, 0x20, 0x4E, 0x00, 0x6C,
    0x00, 0x7B, 0x00, 0x6B, 0x00, 0x4E, 0x00, 0x0F, 0x20, 0x08, 0x90, 0x00, 0xD3, 0x4C, 0x00, 0x0B, 0x60, 0x04, 0xD0, 0x00,
    0xF2, 0x00, 0xD4, 0x00, 0xC5, 0x00, 0xD4, 0x00, 0xF2, 0x04, 0xD0, 0x0B, 0x70, 0x4C, 0x00, 0x00, 0x0F, 0x20, 0x00, 0x10,
    0x0E, 0x00, 0x10, 0x6F, 0xBE, 0xBF, 0x80, 0x00, 0x7E, 0x90, 0x00, 0x02, 0xF2, 0xE4, 0x00, 0x03, 0x70, 0x64, 0x00, 0x00,
    0x00, 0x00, 0x00, 0x00, 0x00, 0x00, 0x00, 0x00, 0x00, 0x00, 0x00, 0x00, 0x00, 0x00, 0x00, 0x00, 0x0C, 0x20, 0x00, 0x00,
    0x0C, 0x20, 0x00, 0x5F, 0xFF, 0xFF, 0xB0, 0x00, 0x0C, 0x20, 0x00, 0x00, 0x0C, 0x20, 0x00, 0x00, 0x0C, 0x20, 0x00, 0x00,
    0x00, 0x00, 0x00, 0x0E, 0x50, 0x1F, 0x00, 0x59, 0x00, 0x7F, 0xFA, 0x00, 0x00, 0x00, 0x00, 0x00, 0x00, 0x0B, 0x40, 0x0D,
    0x60, 0x00, 0x09, 0x80, 0x00, 0x0F, 0x20, 0x00, 0x5B, 0x00, 0x00, 0xC5, 0x00, 0x02, 0xE0, 0x00, 0x08, 0x90, 0x00, 0x0E,
    0x30, 0x00, 0x4D, 0x00, 0x00, 0xA7, 0x00, 0x00, 0x02, 0xBF, 0xE5, 0x00, 0x0C, 0x80, 0x3E, 0x20, 0x2F, 0x00, 0x09, 0x80,
    0x4D, 0x00, 0x06, 0xB0, 0x5C, 0x00, 0x06, 0xC0, 0x4D, 0x00, 0x06, 0xB0, 0x1F, 0x00, 0x09, 0x90, 0x0B, 0x80, 0x3F, 0x30,
    0x02, 0xBF, 0xE6, 0x00, 0x00, 0x2D, 0x90, 0x00, 0x04, 0xEB, 0x90, 0x00, 0x05, 0x28, 0x90, 0x00, 0x00, 0x08, 0x90, 0x00,
    0x00, 0x08, 0x90, 0x00, 0x00, 0x08, 0x90, 0x00, 0x00, 0x08, 0x90, 0x00, 0x00, 0x08, 0x90, 0x00, 0x00, 0x08, 0x90, 0x00,
    0x05, 0xDF, 0xD6, 0x00, 0x1A, 0x30, 0x3F, 0x20, 0x00, 0x00, 0x0D, 0x50, 0x00, 0x00, 0x1F, 0x20, 0x00, 0x00, 0xB8, 0x00,
    0x00, 0x0A, 0xA0, 0x00, 0x00, 0xAA, 0x00, 0x00, 0x0A, 0x90, 0x00, 0x00, 0x5F, 0xFF, 0xFF, 0xB0, 0x08, 0xEF, 0xD6, 0x00,
    0x18, 0x20, 0x3F, 0x30, 0x00, 0x00, 0x0D, 0x50, 0x00, 0x00, 0x6E, 0x10, 0x00, 0xFF, 0xE5, 0x00, 0x00, 0x00, 0x3D, 0x60,
    0x00, 0x00, 0x08, 0xA0, 0x23, 0x00, 0x3E, 0x60, 0x3C, 0xFF, 0xD7, 0x00, 0x00, 0x00, 0xBD, 0x00, 0x00, 0x06, 0xDD, 0x00,
    0x00, 0x2D, 0x5D, 0x00, 0x00, 0xD4, 0x4D, 0x00, 0x09, 0x80, 0x4D, 0x00, 0x4C, 0x00, 0x4D, 0x00, 0xBF, 0xEE, 0xFF, 0xE2,
    0x11, 0x11, 0x5D, 0x10, 0x00, 0x00, 0x4D, 0x00, 0x0A, 0xFF, 0xFF, 0x00, 0x0B, 0x40, 0x00, 0x00, 0x0D, 0x30, 0x00, 0x00,
    0x0E, 0xEF, 0xD6, 0x00, 0x01, 0x00, 0x3E, 0x50, 0x00, 0x00, 0x08, 0x90, 0x00, 0x00, 0x09, 0x90, 0x14, 0x00, 0x4E, 0x30,
    0x1B, 0xEF, 0xC4, 0x00, 0x00, 0x5C, 0xFF, 0x10, 0x05, 0xE4, 0x00, 0x00, 0x0D, 0x40, 0x00, 0x00, 0x1F, 0x5E, 0xE9, 0x00,
    0x3F, 0x81, 0x1C, 0x80, 0x3F, 0x00, 0x05, 0xC0, 0x1F, 0x00, 0x06, 0xB0, 0x0B, 0xA0, 0x1C, 0x60, 0x01, 0xAF, 0xE8, 0x00,
    0x6F, 0xFF, 0xFF, 0xC0, 0x00, 0x00, 0x0A, 0x70, 0x00, 0x00, 0x2F, 0x10, 0x00, 0x00, 0xA9, 0x00, 0x00, 0x01, 0xF1, 0x00,
    0x00, 0x09, 0xA0, 0x00, 0x00, 0x1F, 0x20, 0x00, 0x00, 0x8B, 0x00, 0x00, 0x00, 0xF4, 0x00, 0x00, 0x03, 0xCE, 0xE8, 0x00,
    0x0E, 0x60, 0x1D, 0x50, 0x0F, 0x20, 0x0B, 0x60, 0x07, 0xC4, 0x8C, 0x00, 0x01, 0xCE, 0xF4, 0x00, 0x1D, 0x50, 0x3D, 0x50,
    0x5C, 0x00, 0x06, 0xB0, 0x2F, 0x40, 0x1B, 0x80, 0x05, 0xDF, 0xE9, 0x00, 0x03, 0xCF, 0xD5, 0x00, 0x0E, 0x60, 0x3F, 0x30,
    0x4D, 0x00, 0x09, 0x90, 0x4D, 0x00, 0x07, 0xB0, 0x1F, 0x50, 0x3E, 0xB0, 0x04, 0xDE, 0xB8, 0x90, 0x00, 0x00, 0x0C, 0x50,
    0x00, 0x01, 0x9C, 0x00, 0x0A, 0xFE, 0x91, 0x00, 0x0D, 0x60, 0x0B, 0x40, 0x00, 0x00, 0x00, 0x00, 0x00, 0x00, 0x0B, 0x40,
    0x0D, 0x60, 0x0E, 0x50, 0x0B, 0x40, 0x00, 0x00, 0x00, 0x00, 0x00, 0x00, 0x00, 0x00, 0x0F, 0x30, 0x3E, 0x00, 0x77, 0x00,
    0x00, 0x00, 0x04, 0x80, 0x00, 0x04, 0xCB, 0x30, 0x04, 0xCA, 0x20, 0x00, 0x4F, 0x70, 0x00, 0x00, 0x02, 0x9D, 0x71, 0x00,
    0x00, 0x01, 0x7D, 0x80, 0x00, 0x00, 0x00, 0x30, 0x00, 0x00, 0x00, 0x00, 0x4F, 0xFF, 0xFF, 0xA0, 0x00, 0x00, 0x00, 0x00,
    0x00, 0x00, 0x00, 0x00, 0x4F, 0xFF, 0xFF, 0xA0, 0x00, 0x00, 0x00, 0x00, 0x00, 0x00, 0x00, 0x00, 0x00, 0x00, 0x00, 0x00,
    0x47, 0x00, 0x00, 0x00, 0x18, 0xD7, 0x00, 0x00, 0x00, 0x07, 0xD7, 0x00, 0x00, 0x00, 0x2D, 0xB0, 0x00, 0x4B, 0xC5, 0x00,
    0x3D, 0xA3, 0x00, 0x00, 0x22, 0x00, 0x00, 0x00, 0x00, 0x00, 0x00, 0x00, 0x6D, 0xFE, 0x70, 0x32, 0x02, 0xE2, 0x00, 0x00,
    0xD3, 0x00, 0x09, 0xB0, 0x00, 0xA9, 0x00, 0x02, 0xD0, 0x00, 0x00, 0x20, 0x00, 0x04, 0xB0, 0x00, 0x05, 0xE0, 0x00, 0x00,
    0x05, 0xBE, 0xFD, 0x70, 0x00, 0x00, 0xAB, 0x30, 0x02, 0x9C, 0x00, 0x07, 0xA0, 0x6E, 0xFC, 0x09, 0x70, 0x0E, 0x13, 0xE1,
    0x0F, 0x02, 0xC0, 0x2C, 0x08, 0x70, 0x0F, 0x00, 0xE0, 0x3B, 0x09, 0x60, 0x1F, 0x01, 0xD0, 0x1D, 0x06, 0xB0, 0x8E, 0x28,
    0x80, 0x0C, 0x40, 0xAE, 0x84, 0xEB, 0x00, 0x03, 0xE7, 0x20, 0x02, 0x10, 0x00, 0x00, 0x29, 0xDF, 0xEB, 0x30, 0x00, 0x00,
    0x09, 0xE0, 0x00, 0x00, 0x00, 0x0E, 0xD4, 0x00, 0x00, 0x00, 0x6B, 0x6B, 0x00, 0x00, 0x00, 0xC5, 0x0F, 0x10, 0x00, 0x03,
    0xE0, 0x09, 0x70, 0x00, 0x09, 0xFE, 0xEF, 0xE0, 0x00, 0x0F, 0x31, 0x11, 0xD4, 0x00, 0x6C, 0x00, 0x00, 0x7B, 0x00, 0xC6,
    0x00, 0x00, 0x1F, 0x10, 0x0B, 0xFF, 0xED, 0x60, 0x0B, 0x70, 0x04, 0xF3, 0x0B, 0x70, 0x00, 0xC6, 0x0B, 0x70, 0x04, 0xE2,
    0x0B, 0xFF, 0xFF, 0x50, 0x0B, 0x70, 0x02, 0xD6, 0x0B, 0x70, 0x00, 0x8B, 0x0B, 0x70, 0x02, 0xD7, 0x0B, 0xFF, 0xFE, 0x80,
    0x00, 0x3A, 0xEF, 0xD7, 0x03, 0xF7, 0x10, 0x23, 0x0D, 0x80, 0x00, 0x00, 0x1F, 0x20, 0x00, 0x00, 0x2F, 0x10, 0x00, 0x00,
    0x1F, 0x20, 0x00, 0x00, 0x0D, 0x80, 0x00, 0x00, 0x05, 0xF6, 0x10, 0x11, 0x00, 0x4C, 0xFF, 0xE5, 0x0B, 0xFF, 0xFD, 0x70,
    0x00, 0x0B, 0x70, 0x03, 0xCB, 0x00, 0x0B, 0x70, 0x00, 0x1E, 0x50, 0x0B, 0x70, 0x00, 0x0A, 0x90, 0x0B, 0x70, 0x00, 0x09,
    0xA0, 0x0B, 0x70, 0x00, 0x0B, 0x90, 0x0B, 0x70, 0x00, 0x1F, 0x50, 0x0B, 0x70, 0x04, 0xDB, 0x00, 0x0B, 0xFF, 0xFC, 0x60,
    0x00, 0x0B, 0xFF, 0xFF, 0x60, 0x0B, 0x70, 0x00, 0x00, 0x0B, 0x70, 0x00, 0x00, 0x0B, 0x70, 0x00, 0x00, 0x0B, 0xFF, 0xFF,
    0x30, 0x0B, 0x70, 0x00, 0x00, 0x0B, 0x70, 0x00, 0x00, 0x0B, 0x70, 0x00, 0x00, 0x0B, 0xFF, 0xFF, 0x60, 0x0B, 0xFF, 0xFF,
    0x60, 0x0B, 0x70, 0x00, 0x00, 0x0B, 0x70, 0x00, 0x00, 0x0B, 0x70, 0x00, 0x00, 0x0B, 0xFF, 0xFF, 0x30, 0x0B, 0x70, 0x00,
    0x00, 0x0B, 0x70, 0x00, 0x00, 0x0B, 0x70, 0x00, 0x00, 0x0B, 0x70, 0x00, 0x00, 0x00, 0x29, 0xEF, 0xEB, 0x20, 0x03, 0xF8,
    0x10, 0x14, 0x00, 0x0C, 0x90, 0x00, 0x00, 0x00, 0x1F, 0x20, 0x00, 0x00, 0x00, 0x2F, 0x00, 0x0A, 0xFF, 0x70, 0x1F, 0x20,
    0x00, 0x0A, 0x80, 0x0D, 0x70, 0x00, 0x0A, 0x80, 0x04, 0xF7, 0x10, 0x0B, 0x80, 0x00, 0x3B, 0xEF, 0xEC, 0x40, 0x0B, 0x70,
    0x00, 0x0D, 0x50, 0x0B, 0x70, 0x00, 0x0D, 0x50, 0x0B, 0x70, 0x00, 0x0D, 0x50, 0x0B, 0x70, 0x00, 0x0D, 0x50, 0x0B, 0xFF,
    0xFF, 0xFF, 0x50, 0x0B, 0x70, 0x00, 0x0D, 0x50, 0x0B, 0x70, 0x00, 0x0D, 0x50, 0x0B, 0x70, 0x00, 0x0D, 0x50, 0x0B, 0x70,
    0x00, 0x0D, 0x50, 0x6F, 0xFC, 0x06, 0xC0, 0x06, 0xC0, 0x06, 0xC0, 0x06, 0xC0, 0x06, 0xC0, 0x06, 0xC0, 0x06, 0xC0, 0x5E,
    0xFA, 0x00, 0x0C, 0x50, 0x00, 0x0C, 0x50, 0x00, 0x0C, 0x50, 0x00, 0x0C, 0x50, 0x00, 0x0C, 0x50, 0x00, 0x0C, 0x50, 0x00,
    0x0C, 0x50, 0x00, 0x0C, 0x50, 0x00, 0x0C, 0x50, 0x00, 0x0D, 0x50, 0x00, 0x2F, 0x20, 0x0E, 0xE6, 0x00, 0x0B, 0x70, 0x01,
    0xD7, 0x00, 0x0B, 0x70, 0x0C, 0x80, 0x00, 0x0B, 0x70, 0xB9, 0x00, 0x00, 0x0B, 0x7A, 0xA0, 0x00, 0x00, 0x0B, 0xEF, 0x90,
    0x00, 0x00, 0x0B, 0x91, 0xE5, 0x00, 0x00, 0x0B, 0x70, 0x4F, 0x20, 0x00, 0x0B, 0x70, 0x07, 0xD0, 0x00, 0x0B, 0x70, 0x00,
    0xBA, 0x00, 0x0B, 0x70, 0x00, 0x00, 0x0B, 0x70, 0x00, 0x00, 0x0B, 0x70, 0x00, 0x00, 0x0B, 0x70, 0x00, 0x00, 0x0B, 0x70,
    0x00, 0x00, 0x0B, 0x70, 0x00, 0x00, 0x0B, 0x70, 0x00, 0x00, 0x0B, 0x70, 0x00, 0x00, 0x0B, 0xFF, 0xFF, 0x70, 0x0B, 0xF2,
    0x00, 0x00, 0x6F, 0x80, 0x0B, 0xD9, 0x00, 0x00, 0xCD, 0x80, 0x0B, 0x8E, 0x00, 0x02, 0xE9, 0x80, 0x0B, 0x5C, 0x50, 0x09,
    0x79, 0x80, 0x0B, 0x56, 0xB0, 0x0E, 0x1A, 0x80, 0x0B, 0x50, 0xF1, 0x5B, 0x0A, 0x80, 0x0B, 0x50, 0xA7, 0xB4, 0x0A, 0x80,
    0x0B, 0x50, 0x3E, 0xE0, 0x0A, 0x80, 0x0B, 0x50, 0x0D, 0x80, 0x0A, 0x80, 0x0B, 0xE0, 0x00, 0x07, 0xA0, 0x0B, 0xF9, 0x00,
    0x07, 0xA0, 0x0B, 0x7F, 0x30, 0x07, 0xA0, 0x0B, 0x57, 0xD0, 0x07, 0xA0, 0x0B, 0x50, 0xC8, 0x07, 0xA0, 0x0B, 0x50, 0x2F,
    0x27, 0xA0, 0x0B, 0x50, 0x06, 0xC7, 0xA0, 0x0B, 0x50, 0x00, 0xCD, 0xA0, 0x0B, 0x50, 0x00, 0x2F, 0xA0, 0x00, 0x4B, 0xEF,
    0xC5, 0x00, 0x04, 0xF5, 0x00, 0x4E, 0x70, 0x0D, 0x70, 0x00, 0x04, 0xF0, 0x1F, 0x20, 0x00, 0x00, 0xF4, 0x2F, 0x00, 0x00,
    0x00, 0xE5, 0x1F, 0x20, 0x00, 0x00, 0xF4, 0x0D, 0x70, 0x00, 0x05, 0xF0, 0x04, 0xF6, 0x00, 0x4E, 0x60, 0x00, 0x4B, 0xEF,
    0xC5, 0x00, 0x0B, 0xFF, 0xEB, 0x30, 0x0B, 0x70, 0x07, 0xE0, 0x0B, 0x70, 0x00, 0xF2, 0x0B, 0x70, 0x18, 0xE0, 0x0B, 0xFF,
    0xEA, 0x20, 0x0B, 0x70, 0x00, 0x00, 0x0B, 0x70, 0x00, 0x00, 0x0B, 0x70, 0x00, 0x00, 0x0B, 0x70, 0x00, 0x00, 0x00, 0x4B,
    0xEF, 0xC5, 0x00, 0x04, 0xF5, 0x00, 0x4E, 0x70, 0x0D, 0x70, 0x00, 0x04, 0xF0, 0x1F, 0x20, 0x00, 0x00, 0xF4, 0x2F, 0x00,
    0x00, 0x00, 0xE5, 0x1F, 0x20, 0x00, 0x00, 0xF3, 0x0D, 0x70, 0x00, 0x05, 0xF0, 0x04, 0xF6, 0x00, 0x4E, 0x60, 0x00, 0x4B,
    0xEF, 0xE5, 0x00, 0x00, 0x00, 0x03, 0xE6, 0x00, 0x00, 0x00, 0x00, 0x4F, 0x60, 0x0B, 0xFF, 0xEC, 0x30, 0x0B, 0x70, 0x07,
    0xF0, 0x0B, 0x70, 0x00, 0xF2, 0x0B, 0x70, 0x08, 0xD0, 0x0B, 0xFF, 0xFB, 0x10, 0x0B, 0x70, 0x6D, 0x00, 0x0B, 0x70, 0x0D,
    0x60, 0x0B, 0x70, 0x04, 0xE1, 0x0B, 0x70, 0x00, 0xB9, 0x04, 0xCF, 0xEC, 0x10, 0x1F, 0x50, 0x05, 0x00, 0x2F, 0x00, 0x00,
    0x00, 0x0D, 0xB3, 0x00, 0x00, 0x00, 0x8E, 0xC4, 0x00, 0x00, 0x00, 0x6F, 0x40, 0x00, 0x00, 0x0B, 0x70, 0x23, 0x00, 0x3E,
    0x40, 0x3D, 0xFF, 0xD5, 0x00, 0xDF, 0xFF, 0xFF, 0xF1, 0x00, 0x0F, 0x30, 0x00, 0x00, 0x0F, 0x30, 0x00, 0x00, 0x0F, 0x30,
    0x00, 0x00, 0x0F, 0x30, 0x00, 0x00, 0x0F, 0x30, 0x00, 0x00, 0x0F, 0x30, 0x00, 0x00, 0x0F, 0x30, 0x00, 0x00, 0x0F, 0x30,
    0x00, 0x0D, 0x50, 0x00, 0x0D, 0x50, 0x0D, 0x50, 0x00, 0x0D, 0x50, 0x0D, 0x50, 0x00, 0x0D, 0x50, 0x0D, 0x50, 0x00, 0x0D,
    0x50, 0x0D, 0x50, 0x00, 0x0D, 0x50, 0x0D, 0x50, 0x00, 0x0D, 0x40, 0x0B, 0x70, 0x00, 0x0F, 0x30, 0x05, 0xE3, 0x01, 0x9D,
    0x00, 0x00, 0x5D, 0xFE, 0xA1, 0x00, 0xD6, 0x00, 0x00, 0x99, 0x7C, 0x00, 0x00, 0xF3, 0x1F, 0x20, 0x05, 0xD0, 0x0B, 0x70,
    0x0B, 0x80, 0x05, 0xD0, 0x1F, 0x20, 0x00, 0xF3, 0x6C, 0x00, 0x00, 0x98, 0xC6, 0x00, 0x00, 0x3D, 0xF1, 0x00, 0x00, 0x0D,
    0xA0, 0x00, 0xB8, 0x00, 0x0C, 0xC0, 0x00, 0x6C, 0x7C, 0x00, 0x1F, 0xF1, 0x00, 0xB8, 0x2F, 0x00, 0x5B, 0xB6, 0x00, 0xF3,
    0x0E, 0x40, 0xA7, 0x6B, 0x03, 0xF0, 0x09, 0x80, 0xF2, 0x1F, 0x07, 0xA0, 0x05, 0xD4, 0xD0, 0x0D, 0x4B, 0x60, 0x01, 0xF9,
    0x80, 0x08, 0x9F, 0x20, 0x00, 0xCE, 0x30, 0x03, 0xED, 0x00, 0x00, 0x8E, 0x00, 0x00, 0xE9, 0x00, 0x6D, 0x00, 0x03, 0xE1,
    0x0C, 0x70, 0x0D, 0x50, 0x02, 0xE2, 0x7B, 0x00, 0x00, 0x7C, 0xE1, 0x00, 0x00, 0x1F, 0xA0, 0x00, 0x00, 0x99, 0xE3, 0x00,
    0x04, 0xD0, 0x5D, 0x00, 0x0E, 0x40, 0x0B, 0x80, 0x99, 0x00, 0x02, 0xF3, 0xB8, 0x00, 0x02, 0xF1, 0x2F, 0x10, 0x0B, 0x80,
    0x09, 0x90, 0x3E, 0x00, 0x01, 0xF2, 0xC6, 0x00, 0x00, 0x8D, 0xD0, 0x00, 0x00, 0x0F, 0x50, 0x00, 0x00, 0x0E, 0x40, 0x00,
    0x00, 0x0E, 0x40, 0x00, 0x00, 0x0E, 0x40, 0x00, 0x5F, 0xFF, 0xFF, 0xC0, 0x00, 0x00, 0x1E, 0x50, 0x00, 0x00, 0xAA, 0x00,
    0x00, 0x05, 0xE1, 0x00, 0x00, 0x1E, 0x40, 0x00, 0x00, 0xBA, 0x00, 0x00, 0x05, 0xE1, 0x00, 0x00, 0x1E, 0x40, 0x00, 0x00,
    0x7F, 0xFF, 0xFF, 0xE0, 0x0F, 0xFE, 0x0F, 0x20, 0x0F, 0x20, 0x0F, 0x20, 0x0F, 0x20, 0x0F, 0x20, 0x0F, 0x20, 0x0F, 0x20,
    0x0F, 0x20, 0x0F, 0x20, 0x0E, 0xFE, 0xA7, 0x00, 0x00, 0x4D, 0x00, 0x00, 0x0E, 0x30, 0x00, 0x08, 0x90, 0x00, 0x02, 0xF0,
    0x00, 0x00, 0xC5, 0x00, 0x00, 0x5C, 0x00, 0x00, 0x0F, 0x20, 0x00, 0x09, 0x80, 0xAF, 0xF3, 0x00, 0xE3, 0x00, 0xE3, 0x00,
    0xE3, 0x00, 0xE3, 0x00, 0xE3, 0x00, 0xE3, 0x00, 0xE3, 0x00, 0xE3, 0x00, 0xE3, 0xAF, 0xF3, 0x00, 0x0E, 0x20, 0x00, 0x00,
    0x7B, 0xA0, 0x00, 0x00, 0xD1, 0xC2, 0x00, 0x05, 0x90, 0x4A, 0x00, 0x0C, 0x20, 0x0C, 0x20, 0x4B, 0x00, 0x05, 0xA0, 0x00,
    0x00, 0x00, 0x00, 0x00, 0x00, 0x00, 0x00, 0x00, 0x00, 0x00, 0x00, 0x00, 0x00, 0x00, 0x00, 0x0F, 0xFF, 0xFF, 0xC0, 0x3F,
    0x20, 0x04, 0xC0, 0x00, 0x00, 0x00, 0x00, 0x00, 0x00, 0x00, 0x00, 0x00, 0x00, 0x00, 0x00, 0x00, 0x00, 0x00, 0x00, 0x04,
    0xCF, 0xE7, 0x00, 0x02, 0x30, 0x3F, 0x10, 0x00, 0x00, 0x0E, 0x30, 0x06, 0xDF, 0xFF, 0x30, 0x4F, 0x30, 0x0E, 0x30, 0x5E,
    0x10, 0x6F, 0x30, 0x0A, 0xFE, 0x7B, 0x30, 0x0E, 0x40, 0x00, 0x00, 0x0E, 0x40, 0x00, 0x00, 0x0E, 0x30, 0x00, 0x00, 0x0E,
    0x6D, 0xFB, 0x20, 0x0E, 0xC1, 0x08, 0xD0, 0x0E, 0x50, 0x00, 0xF2, 0x0E, 0x40, 0x00, 0xE3, 0x0E, 0x50, 0x00, 0xF2, 0x0E,
    0xC1, 0x08, 0xD0, 0x0E, 0x4D, 0xFB, 0x20, 0x01, 0xAF, 0xE8, 0x0C, 0x90, 0x01, 0x2F, 0x00, 0x00, 0x4E, 0x00, 0x00, 0x2F,
    0x00, 0x00, 0x0D, 0x90, 0x02, 0x02, 0xBF, 0xF8, 0x00, 0x00, 0x04, 0xE0, 0x00, 0x00, 0x04, 0xE0, 0x00, 0x00, 0x04, 0xE0,
    0x02, 0xBF, 0xD6, 0xE0, 0x0D, 0x90, 0x1C, 0xE0, 0x2F, 0x00, 0x05, 0xE0, 0x4E, 0x00, 0x04, 0xE0, 0x2F, 0x00, 0x05, 0xE0,
    0x0D, 0x80, 0x1C, 0xE0, 0x02, 0xCF, 0xD4, 0xE0, 0x01, 0xBF, 0xE6, 0x00, 0x0C, 0x90, 0x2E, 0x40, 0x2F, 0x00, 0x09, 0x90,
    0x4F, 0xFF, 0xFF, 0xA0, 0x2F, 0x00, 0x00, 0x00, 0x0C, 0x90, 0x01, 0x10, 0x01, 0xAE, 0xFD, 0x30, 0x00, 0xAF, 0xD0, 0x06,
    0xC0, 0x00, 0x08, 0x90, 0x00, 0x9F, 0xFF, 0x40, 0x09, 0x90, 0x00, 0x09, 0x90, 0x00, 0x09, 0x90, 0x00, 0x09, 0x90, 0x00,
    0x09, 0x90, 0x00, 0x09, 0x90, 0x00, 0x02, 0xBF, 0xD5, 0xE0, 0x0C, 0x90, 0x1C, 0xE0, 0x2F, 0x00, 0x05, 0xE0, 0x3E, 0x00,
    0x04, 0xE0, 0x2F, 0x00, 0x05, 0xE0, 0x0D, 0x80, 0x1C, 0xE0, 0x02, 0xCF, 0xD7, 0xE0, 0x00, 0x00, 0x04, 0xD0, 0x04, 0x10,
    0x1C, 0x80, 0x07, 0xEF, 0xE9, 0x00, 0x0E, 0x40, 0x00, 0x00, 0x0E, 0x40, 0x00, 0x00, 0x0E, 0x40, 0x00, 0x00, 0x0E, 0x6C,
    0xFD, 0x30, 0x0E, 0xC1, 0x08, 0xC0, 0x0E, 0x50, 0x02, 0xF0, 0x0E, 0x40, 0x02, 0xF0, 0x0E, 0x40, 0x02, 0xF0, 0x0E, 0x40,
    0x02, 0xF0, 0x0E, 0x40, 0x02, 0xF0, 0x0B, 0x30, 0x00, 0x00, 0x00, 0x00, 0x0E, 0x40, 0x0E, 0x40, 0x0E, 0x40, 0x0E, 0x40,
    0x0E, 0x40, 0x0E, 0x40, 0x0E, 0x40, 0x00, 0xB3, 0x00, 0x00, 0x00, 0x00, 0x00, 0xE4, 0x00, 0xE4, 0x00, 0xE4, 0x00, 0xE4,
    0x00, 0xE4, 0x00, 0xE4, 0x00, 0xE4, 0x00, 0xE3, 0x01, 0xF2, 0xAF, 0x90, 0x0E, 0x30, 0x00, 0x00, 0x0E, 0x30, 0x00, 0x00,
    0x0E, 0x30, 0x00, 0x00, 0x0E, 0x30, 0x3E, 0x30, 0x0E, 0x33, 0xE4, 0x00, 0x0E, 0x5E, 0x40, 0x00, 0x0E, 0xEF, 0x30, 0x00,
    0x0E, 0x56, 0xD1, 0x00, 0x0E, 0x30, 0xAB, 0x00, 0x0E, 0x30, 0x0D, 0x70, 0x0E, 0x40, 0x0E, 0x40, 0x0E, 0x40, 0x0E, 0x40,
    0x0E, 0x40, 0x0E, 0x40, 0x0E, 0x40, 0x0E, 0x40, 0x0E, 0x40, 0x0E, 0x40, 0x0E, 0x5D, 0xFB, 0x2A, 0xFE, 0x50, 0x0E, 0xC1,
    0x0C, 0xE4, 0x06, 0xF0, 0x0E, 0x50, 0x07, 0xC0, 0x00, 0xF1, 0x0E, 0x40, 0x07, 0xA0, 0x00, 0xF1, 0x0E, 0x40, 0x07, 0xA0,
    0x00, 0xF1, 0x0E, 0x40, 0x07, 0xA0, 0x00, 0xF1, 0x0E, 0x40, 0x07, 0xA0, 0x00, 0xF1, 0x0E, 0x4C, 0xFD, 0x30, 0x0E, 0xC1,
    0x08, 0xC0, 0x0E, 0x50, 0x02, 0xF0, 0x0E, 0x40, 0x02, 0xF0, 0x0E, 0x40, 0x02, 0xF0, 0x0E, 0x40, 0x02, 0xF0, 0x0E, 0x40,
    0x02, 0xF0, 0x01, 0xAE, 0xE9, 0x00, 0x0C, 0x90, 0x1B, 0xA0, 0x2F, 0x00, 0x02, 0xF0, 0x4E, 0x00, 0x00, 0xF1, 0x2F, 0x00,
    0x02, 0xF0, 0x0C, 0x90, 0x1B, 0x90, 0x01, 0xAF, 0xE9, 0x00, 0x0E, 0x5D, 0xFB, 0x20, 0x0E, 0xC1, 0x09, 0xD0, 0x0E, 0x50,
    0x00, 0xF2, 0x0E, 0x40, 0x00, 0xF3, 0x0E, 0x50, 0x01, 0xF2, 0x0E, 0xC1, 0x09, 0xC0, 0x0E, 0x7D, 0xFB, 0x20, 0x0E, 0x30,
    0x00, 0x00, 0x0E, 0x40, 0x00, 0x00, 0x0E, 0x40, 0x00, 0x00, 0x02, 0xBF, 0xD4, 0xE0, 0x0C, 0x80, 0x1C, 0xE0, 0x2F, 0x00,
    0x05, 0xE0, 0x3E, 0x00, 0x04, 0xE0, 0x2F, 0x00, 0x05, 0xE0, 0x0D, 0x80, 0x1C, 0xE0, 0x02, 0xCF, 0xD6, 0xE0, 0x00, 0x00,
    0x04, 0xE0, 0x00, 0x00, 0x04, 0xE0, 0x00, 0x00, 0x04, 0xE0, 0x0E, 0x3C, 0xF1, 0x0E, 0xD2, 0x00, 0x0E, 0x60, 0x00, 0x0E,
    0x40, 0x00, 0x0E, 0x40, 0x00, 0x0E, 0x40, 0x00, 0x0E, 0x40, 0x00, 0x08, 0xEF, 0xD3, 0x4D, 0x10, 0x31, 0x2E, 0x60, 0x00,
    0x02, 0xAE, 0x80, 0x00, 0x01, 0xC7, 0x22, 0x00, 0xA8, 0x3D, 0xFE, 0xA1, 0x03, 0x20, 0x00, 0x0A, 0x50, 0x00, 0x9F, 0xFF,
    0x50, 0x0C, 0x50, 0x00, 0x0C, 0x50, 0x00, 0x0C, 0x50, 0x00, 0x0C, 0x50, 0x00, 0x0B, 0x80, 0x00, 0x04, 0xDF, 0x50, 0x0F,
    0x30, 0x03, 0xE0, 0x0F, 0x30, 0x03, 0xE0, 0x0F, 0x30, 0x03, 0xE0, 0x0F, 0x30, 0x03, 0xE0, 0x0F, 0x30, 0x05, 0xE0, 0x0C,
    0x80, 0x1C, 0xE0, 0x03, 0xDF, 0xC5, 0xE0, 0xD6, 0x00, 0x0C, 0x60, 0x6C, 0x00, 0x2F, 0x10, 0x1F, 0x10, 0x8A, 0x00, 0x0A,
    0x70, 0xD4, 0x00, 0x04, 0xD3, 0xE0, 0x00, 0x00, 0xEB, 0x80, 0x00, 0x00, 0x8F, 0x20, 0x00, 0xB7, 0x00, 0xAE, 0x00, 0x3E,
    0x00, 0x7B, 0x00, 0xED, 0x30, 0x7A, 0x00, 0x2F, 0x04, 0xC8, 0x80, 0xB6, 0x00, 0x0E, 0x39, 0x74, 0xC0, 0xF1, 0x00, 0x0A,
    0x7E, 0x20, 0xE5, 0xD0, 0x00, 0x05, 0xDD, 0x00, 0xAD, 0x80, 0x00, 0x01, 0xF8, 0x00, 0x5F, 0x40, 0x00, 0x4E, 0x10, 0x2F,
    0x20, 0x09, 0xA0, 0xC7, 0x00, 0x00, 0xDB, 0xB0, 0x00, 0x00, 0x6F, 0x40, 0x00, 0x01, 0xE9, 0xD0, 0x00, 0x0B, 0x80, 0xA9,
    0x00, 0x6D, 0x00, 0x1E, 0x40, 0xC6, 0x00, 0x0C, 0x60, 0x6D, 0x00, 0x2F, 0x10, 0x0E, 0x30, 0x8A, 0x00, 0x09, 0x90, 0xD4,
    0x00, 0x02, 0xE3, 0xE0, 0x00, 0x00, 0xCC, 0x80, 0x00, 0x00, 0x5F, 0x20, 0x00, 0x00, 0x6C, 0x00, 0x00, 0x01, 0xE5, 0x00,
    0x00, 0xCE, 0x80, 0x00, 0x00, 0x4F, 0xFF, 0xF8, 0x00, 0x02, 0xE2, 0x00, 0x0D, 0x50, 0x00, 0x9A, 0x00, 0x04, 0xD0, 0x00,
    0x1E, 0x30, 0x00, 0x7F, 0xFF, 0xF9, 0x00, 0x4D, 0x80, 0x00, 0xF5, 0x00, 0x00, 0xF1, 0x00, 0x00, 0xF1, 0x00, 0x05, 0xE0,
    0x00, 0xAF, 0x40, 0x00, 0x05, 0xE0, 0x00, 0x00, 0xF1, 0x00, 0x00, 0xF1, 0x00, 0x00, 0xE5, 0x00, 0x00, 0x4D, 0x70, 0x00,
    0x0E, 0x10, 0x00, 0x00, 0x0E, 0x10, 0x00, 0x00, 0x0E, 0x10, 0x00, 0x00, 0x0E, 0x10, 0x00, 0x00, 0x0E, 0x10, 0x00, 0x00,
    0x0E, 0x10, 0x00, 0x00, 0x0E, 0x10, 0x00, 0x00, 0x0E, 0x10, 0x00, 0x00, 0x0E, 0x10, 0x00, 0x00, 0x0E, 0x10, 0x00, 0x00,
    0x0E, 0x10, 0x00, 0x00, 0x0E, 0x10, 0x00, 0x00, 0x0E, 0x10, 0x00, 0x8D, 0x40, 0x00, 0x06, 0xE0, 0x00, 0x02, 0xF0, 0x00,
    0x02, 0xF0, 0x00, 0x00, 0xF4, 0x00, 0x00, 0x5F, 0x90, 0x00, 0xF4, 0x00, 0x02, 0xF0, 0x00, 0x02, 0xF0, 0x00, 0x06, 0xD0,
    0x00, 0x8C, 0x30, 0x00, 0x1C, 0xEA, 0x31, 0x70, 0x43, 0x06, 0xDE, 0x50, 0x00, 0x00, 0x00, 0x00, 0x00, 0x00, 0x00, 0x00,
    0x00, 0x00, 0x00, 0x00, 0x00, 0x00, 0x00, 0x00,
};

static const glyph_t font_small_glyphs[] = {
    { 0, 0, 0, 0, 0, 3 }, /*   */
    { 0, 4, 9, 0, 5, 4 }, /* ! */
    { 18, 5, 9, 0, 5, 5 }, /* " */
    { 45, 9, 9, 0, 5, 8 }, /* # */
    { 90, 7, 11, 0, 4, 7 }, /* $ */
    { 134, 11, 9, 0, 5, 11 }, /* % */
    { 188, 10, 9, 0, 5, 10 }, /* & */
    { 233, 3, 9, 0, 5, 3 }, /* ' */
    { 251, 4, 11, 0, 5, 4 }, /* ( */
    { 273, 4, 11, 0, 5, 4 }, /* ) */
    { 295, 7, 10, 0, 4, 7 }, /* 0x2A */
    { 335, 7, 7, 0, 7, 7 }, /* + */
    { 363, 3, 3, 0, 13, 3 }, /* , */
    { 369, 4, 4, 0, 10, 4 }, /* - */
    { 377, 3, 2, 0, 12, 3 }, /* . */
    { 381, 5, 9, 0, 5, 5 }, /* 0x2F */
    { 408, 7, 9, 0, 5, 7 }, /* 0 */
    { 444, 7, 9, 0, 5, 7 }, /* 1 */
    { 480, 7, 9, 0, 5, 7 }, /* 2 */
    { 516, 7, 9, 0, 5, 7 }, /* 3 */
    { 552, 8, 9, 0, 5, 7 }, /* 4 */
    { 588, 7, 9, 0, 5, 7 }, /* 5 */
    { 624, 7, 9, 0, 5, 7 }, /* 6 */
    { 660, 7, 9, 0, 5, 7 }, /* 7 */
    { 696, 7, 9, 0, 5, 7 }, /* 8 */
    { 732, 7, 9, 0, 5, 7 }, /* 9 */
    { 768, 3, 7, 0, 7, 3 }, /* : */
    { 782, 3, 9, 0, 7, 3 }, /* ; */
    { 800, 7, 8, 0, 6, 7 }, /* < */
    { 832, 7, 7, 0, 7, 7 }, /* = */
    { 860, 7, 8, 0, 6, 7 }, /* > */
    { 892, 6, 9, 0, 5, 6 }, /* ? */
    { 919, 12, 10, 0, 5, 12 }, /* @ */
    { 979, 9, 9, 0, 5, 8 }, /* A */
    { 1024, 8, 9, 0, 5, 8 }, /* B */
    { 1060, 8, 9, 0, 5, 8 }, /* C */
    { 1096, 9, 9, 0, 5, 9 }, /* D */
    { 1141, 7, 9, 0, 5, 7 }, /* E */
    { 1177, 7, 9, 0, 5, 7 }, /* F */
    { 1213, 9, 9, 0, 5, 9 }, /* G */
    { 1258, 10, 9, 0, 5, 10 }, /* H */
    { 1303, 4, 9, 0, 5, 4 }, /* I */
    { 1321, 6, 12, -2, 5, 4 }, /* J */
    { 1357, 9, 9, 0, 5, 8 }, /* K */
    { 1402, 7, 9, 0, 5, 7 }, /* L */
    { 1438, 12, 9, 0, 5, 12 }, /* M */
    { 1492, 10, 9, 0, 5, 10 }, /* N */
    { 1537, 10, 9, 0, 5, 10 }, /* O */
    { 1582, 8, 9, 0, 5, 8 }, /* P */
    { 1618, 10, 11, 0, 5, 10 }, /* Q */
    { 1673, 8, 9, 0, 5, 8 }, /* R */
    { 1709, 7, 9, 0, 5, 7 }, /* S */
    { 1745, 8, 9, 0, 5, 7 }, /* T */
    { 1781, 10, 9, 0, 5, 10 }, /* U */
    { 1826, 8, 9, 0, 5, 8 }, /* V */
    { 1862, 12, 9, 0, 5, 12 }, /* W */
    { 1916, 8, 9, 0, 5, 8 }, /* X */
    { 1952, 8, 9, 0, 5, 7 }, /* Y */
    { 1988, 7, 9, 0, 5, 7 }, /* Z */
    { 2024, 4, 11, 0, 5, 4 }, /* [ */
    { 2046, 5, 9, 0, 5, 5 }, /* 0x5C */
    { 2073, 4, 11, 0, 5, 4 }, /* ] */
    { 2095, 7, 9, 0, 5, 7 }, /* ^ */
    { 2131, 7, 2, -1, 14, 6 }, /* _ */
    { 2139, 4, 10, 0, 4, 4 }, /* ` */
    { 2159, 7, 7, 0, 7, 7 }, /* a */
    { 2187, 8, 10, 0, 4, 8 }, /* b */
    { 2227, 6, 7, 0, 7, 6 }, /* c */
    { 2248, 8, 10, 0, 4, 8 }, /* d */
    { 2288, 7, 7, 0, 7, 7 }, /* e */
    { 2316, 6, 10, 0, 4, 4 }, /* f */
    { 2346, 8, 10, 0, 7, 8 }, /* g */
    { 2386, 8, 10, 0, 4, 8 }, /* h */
    { 2426, 3, 10, 0, 4, 3 }, /* i */
    { 2446, 4, 13, -1, 4, 3 }, /* j */
    { 2472, 7, 10, 0, 4, 7 }, /* k */
    { 2512, 3, 10, 0, 4, 3 }, /* l */
    { 2532, 12, 7, 0, 7, 12 }, /* m */
    { 2574, 8, 7, 0, 7, 8 }, /* n */
    { 2602, 8, 7, 0, 7, 8 }, /* o */
    { 2630, 8, 10, 0, 7, 8 }, /* p */
    { 2670, 8, 10, 0, 7, 8 }, /* q */
    { 2710, 6, 7, 0, 7, 5 }, /* r */
    { 2731, 6, 7, 0, 7, 6 }, /* s */
    { 2752, 5, 9, 0, 5, 5 }, /* t */
    { 2779, 8, 7, 0, 7, 8 }, /* u */
    { 2807, 7, 7, 0, 7, 7 }, /* v */
    { 2835, 11, 7, 0, 7, 10 }, /* w */
    { 2877, 7, 7, 0, 7, 7 }, /* x */
    { 2905, 7, 10, 0, 7, 7 }, /* y */
    { 2945, 6, 7, 0, 7, 6 }, /* z */
    { 2966, 5, 11, 0, 5, 5 }, /* { */
    { 2999, 7, 13, 0, 4, 7 }, /* | */
    { 3051, 5, 11, 0, 5, 5 }, /* } */
    { 3084, 7, 6, 0, 8, 7 }, /* ~ */
};

static const font_t font_small = {
    font_small_bitmap, font_small_glyphs, ' ', '~', 18, 14
};

static const uint8_t font_body_bitmap[5248] = {
    0x0F, 0xF9, 0x00, 0x0F, 0xF9, 0x00, 0x0F, 0xF8, 0x00, 0x0E, 0xF7, 0x00, 0x0D, 0xF6, 0x00, 0x0C, 0xF5, 0x00, 0x0B, 0xF5,
    0x00, 0x0A, 0xF4, 0x00, 0x00, 0x00, 0x00, 0x09, 0xC3, 0x00, 0x0F, 0xF9, 0x00, 0x0B, 0xF5, 0x00, 0x0E, 0xF2, 0x9F, 0x70,
    0x0D, 0xF1, 0x8F, 0x60, 0x0C, 0xF0, 0x7F, 0x40, 0x0A, 0xE0, 0x6F, 0x30, 0x00, 0x00, 0x00, 0x00, 0x00, 0x00, 0x00, 0x00,
    0x00, 0x00, 0x00, 0x00, 0x00, 0x00, 0x00, 0x00, 0x00, 0x00, 0x00, 0x00, 0x00, 0x00, 0x00, 0x00, 0x00, 0x00, 0x00, 0x00,
    0x00, 0x00, 0x00, 0x00, 0x00, 0x04, 0xF6, 0x0F, 0xA0, 0x00, 0x07, 0xF4, 0x2F, 0x70, 0x00, 0x09, 0xF1, 0x5F, 0x50, 0x00,
    0x0C, 0xF0, 0x7F, 0x20, 0x1F, 0xFF, 0xFF, 0xFF, 0xFF, 0x1F, 0xFF, 0xFF, 0xFF, 0xFE, 0x00, 0x5F, 0x61, 0xF9, 0x00, 0xAF,
    0xFF, 0xFF, 0xFF, 0xF7, 0x9F, 0xFF, 0xFF, 0xFF, 0xF6, 0x00, 0xEC, 0x0B, 0xF0, 0x00, 0x01, 0xF9, 0x0E, 0xD0, 0x00, 0x04,
    0xF6, 0x1F, 0xA0, 0x00, 0x00, 0x00, 0xF2, 0x00, 0x00, 0x00, 0x5A, 0xFB, 0x94, 0x00, 0x0A, 0xFF, 0xFF, 0xFF, 0x20, 0x3F,
    0xF8, 0xF6, 0x8A, 0x00, 0x4F, 0xF3, 0xF2, 0x00, 0x00, 0x0E, 0xFF, 0xF4, 0x00, 0x00, 0x02, 0xCF, 0xFF, 0xC2, 0x00, 0x00,
    0x04, 0xFF, 0xFF, 0x20, 0x00, 0x00, 0xF5, 0xFF, 0x70, 0x38, 0x30, 0xF4, 0xFF, 0x60, 0x4F, 0xFF, 0xFF, 0xFE, 0x10, 0x18,
    0xCE, 0xFD, 0x91, 0x00, 0x00, 0x00, 0xF2, 0x00, 0x00, 0x05, 0xEF, 0x90, 0x00, 0x0D, 0xF1, 0x00, 0x1F, 0xFF, 0xF6, 0x00,
    0x5F, 0x80, 0x00, 0x5F, 0xA4, 0xFC, 0x00, 0xDE, 0x00, 0x00, 0x7F, 0x71, 0xFD, 0x06, 0xF7, 0x00, 0x00, 0x7F, 0x71, 0xFD,
    0x0E, 0xE0, 0x00, 0x00, 0x5F, 0xB4, 0xFB, 0x7F, 0x66, 0xDE, 0x90, 0x0E, 0xFF, 0xF7, 0xFD, 0x2F, 0xFF, 0xF7, 0x04, 0xDE,
    0x98, 0xF5, 0x6F, 0xA3, 0xFC, 0x00, 0x00, 0x1F, 0xC0, 0x7F, 0x71, 0xFE, 0x00, 0x00, 0x9F, 0x40, 0x6F, 0xA3, 0xFC, 0x00,
    0x02, 0xFB, 0x00, 0x1F, 0xFF, 0xF8, 0x00, 0x0A, 0xF3, 0x00, 0x05, 0xDE, 0xA0, 0x00, 0x2B, 0xFF, 0xB2, 0x00, 0x00, 0x01,
    0xEF, 0xFF, 0xFD, 0x00, 0x00, 0x05, 0xFE, 0x13, 0xFF, 0x10, 0x00, 0x04, 0xFE, 0x03, 0xFF, 0x00, 0x00, 0x01, 0xFF, 0x9E,
    0xF9, 0x00, 0x00, 0x00, 0x8F, 0xFF, 0xB0, 0x00, 0x00, 0x04, 0xFF, 0xFF, 0x40, 0x1F, 0xF5, 0x1F, 0xFA, 0x6F, 0xF5, 0x8F,
    0xE0, 0x4F, 0xF3, 0x06, 0xFF, 0xFF, 0x70, 0x4F, 0xF8, 0x00, 0xAF, 0xFD, 0x00, 0x0D, 0xFF, 0xFF, 0xFF, 0xFF, 0x70, 0x01,
    0x8D, 0xFE, 0xC6, 0x7F, 0xF7, 0x0E, 0xF2, 0x0D, 0xF1, 0x0C, 0xF0, 0x0A, 0xE0, 0x00, 0x00, 0x00, 0x00, 0x00, 0x00, 0x00,
    0x00, 0x00, 0x00, 0x00, 0x00, 0x00, 0x00, 0x00, 0x00, 0x00, 0x5F, 0xA0, 0x01, 0xEF, 0x10, 0x07, 0xF9, 0x00, 0x0D, 0xF3,
    0x00, 0x1F, 0xF0, 0x00, 0x3F, 0xD0, 0x00, 0x5F, 0xC0, 0x00, 0x5F, 0xC0, 0x00, 0x4F, 0xD0, 0x00, 0x1F, 0xF0, 0x00, 0x0D,
    0xF3, 0x00, 0x07, 0xF9, 0x00, 0x01, 0xFF, 0x10, 0x00, 0x5F, 0x90, 0x3F, 0xC0, 0x00, 0x0A, 0xF6, 0x00, 0x03, 0xFD, 0x00,
    0x00, 0xDF, 0x30, 0x00, 0x9F, 0x70, 0x00, 0x6F, 0xA0, 0x00, 0x5F, 0xB0, 0x00, 0x5F, 0xB0, 0x00, 0x6F, 0xA0, 0x00, 0x9F,
    0x80, 0x00, 0xDF, 0x40, 0x02, 0xFE, 0x00, 0x09, 0xF7, 0x00, 0x3F, 0xC0, 0x00, 0x00, 0x09, 0xF5, 0x00, 0x00, 0x00, 0x08,
    0xF3, 0x00, 0x00, 0x3B, 0x68, 0xF5, 0x7C, 0x00, 0x6F, 0xFF, 0xFF, 0xFF, 0x20, 0x02, 0x5F, 0xFD, 0x32, 0x00, 0x00, 0xCF,
    0xAF, 0x70, 0x00, 0x05, 0xFB, 0x0F, 0xF1, 0x00, 0x00, 0x33, 0x04, 0x10, 0x00, 0x00, 0x00, 0x00, 0x00, 0x00, 0x00, 0x00,
    0x00, 0x00, 0x00, 0x00, 0x00, 0x00, 0x00, 0x00, 0x00, 0x00, 0x00, 0x00, 0x00, 0x00, 0x04, 0xF6, 0x00, 0x00, 0x00, 0x04,
    0xF6, 0x00, 0x00, 0x00, 0x04, 0xF6, 0x00, 0x00, 0x4F, 0xFF, 0xFF, 0xFF, 0x60, 0x5F, 0xFF, 0xFF, 0xFF, 0x70, 0x00, 0x04,
    0xF6, 0x00, 0x00, 0x00, 0x04, 0xF6, 0x00, 0x00, 0x00, 0x04, 0xF6, 0x00, 0x00, 0x00, 0x00, 0x00, 0x00, 0x00, 0x00, 0x00,
    0x00, 0x00, 0x00, 0x0C, 0xF7, 0x00, 0x0F, 0xF2, 0x00, 0x2F, 0xC0, 0x00, 0x6F, 0x60, 0x00, 0x7F, 0xFF, 0xA0, 0x8F, 0xFF,
    0xA0, 0x00, 0x00, 0x00, 0x00, 0x00, 0x00, 0x00, 0x00, 0x00, 0x09, 0xC3, 0x00, 0x0F, 0xF9, 0x00, 0x0B, 0xF5, 0x00, 0x00,
    0x00, 0xCF, 0x50, 0x00, 0x02, 0xFF, 0x00, 0x00, 0x08, 0xFA, 0x00, 0x00, 0x0D, 0xF4, 0x00, 0x00, 0x3F, 0xE0, 0x00, 0x00,
    0x9F, 0x90, 0x00, 0x00, 0xEF, 0x30, 0x00, 0x04, 0xFD, 0x00, 0x00, 0x0A, 0xF8, 0x00, 0x00, 0x0F, 0xF2, 0x00, 0x00, 0x5F,
    0xC0, 0x00, 0x00, 0xBF, 0x70, 0x00, 0x00, 0x00, 0x6D, 0xFD, 0x70, 0x00, 0x06, 0xFF, 0xFF, 0xF7, 0x00, 0x0E, 0xF9, 0x07,
    0xFF, 0x00, 0x2F, 0xF2, 0x01, 0xFF, 0x40, 0x5F, 0xF0, 0x00, 0xEF, 0x70, 0x6F, 0xF0, 0x00, 0xDF, 0x80, 0x6F, 0xF0, 0x00,
    0xDF, 0x80, 0x5F, 0xF0, 0x00, 0xEF, 0x70, 0x2F, 0xF3, 0x01, 0xFF, 0x50, 0x0D, 0xF9, 0x08, 0xFF, 0x10, 0x05, 0xFF, 0xFF,
    0xF8, 0x00, 0x00, 0x6D, 0xFD, 0x70, 0x00, 0x00, 0x02, 0xDF, 0x90, 0x00, 0x00, 0x3E, 0xFF, 0x90, 0x00, 0x05, 0xFF, 0xFF,
    0x90, 0x00, 0x0C, 0xF7, 0xCF, 0x90, 0x00, 0x01, 0x50, 0xCF, 0x90, 0x00, 0x00, 0x00, 0xDF, 0x90, 0x00, 0x00, 0x00, 0xDF,
    0x90, 0x00, 0x00, 0x00, 0xDF, 0x90, 0x00, 0x00, 0x00, 0xDF, 0x90, 0x00, 0x00, 0x00, 0xDF, 0x90, 0x00, 0x00, 0x00, 0xDF,
    0x90, 0x00, 0x00, 0x00, 0xDF, 0x90, 0x00, 0x01, 0x9E, 0xFE, 0x90, 0x00, 0x2F, 0xFF, 0xFF, 0xFB, 0x00, 0x0A, 0xC2, 0x06,
    0xFF, 0x20, 0x00, 0x00, 0x02, 0xFF, 0x40, 0x00, 0x00, 0x05, 0xFF, 0x10, 0x00, 0x00, 0x1E, 0xFB, 0x00, 0x00, 0x00, 0xCF,
    0xE1, 0x00, 0x00, 0x0A, 0xFF, 0x30, 0x00, 0x00, 0x9F, 0xF4, 0x00, 0x00, 0x08, 0xFF, 0x40, 0x00, 0x00, 0x4F, 0xFF, 0xFF,
    0xFF, 0x90, 0x5F, 0xFF, 0xFF, 0xFF, 0xA0, 0x05, 0xBE, 0xFD, 0x81, 0x00, 0x2F, 0xFF, 0xFF, 0xFC, 0x00, 0x06, 0x60, 0x08,
    0xFF, 0x20, 0x00, 0x00, 0x03, 0xFF, 0x10, 0x00, 0x00, 0x2B, 0xFA, 0x00, 0x00, 0xAF, 0xFF, 0x70, 0x00, 0x00, 0x9F, 0xFF,
    0xE7, 0x00, 0x00, 0x00, 0x07, 0xFF, 0x40, 0x00, 0x00, 0x01, 0xFF, 0x70, 0x35, 0x10, 0x08, 0xFF, 0x50, 0x6F, 0xFF, 0xFF,
    0xFC, 0x00, 0x2A, 0xEF, 0xFD, 0x80, 0x00, 0x00, 0x00, 0x1E, 0xF8, 0x00, 0x00, 0x00, 0xAF, 0xF8, 0x00, 0x00, 0x04, 0xFF,
    0xF8, 0x00, 0x00, 0x0D, 0xFF, 0xF8, 0x00, 0x00, 0x7F, 0xBC, 0xF8, 0x00, 0x01, 0xFF, 0x1D, 0xF8, 0x00, 0x0B, 0xF6, 0x0D,
    0xF8, 0x00, 0x4F, 0xB0, 0x0D, 0xF8, 0x00, 0xBF, 0xFF, 0xFF, 0xFF, 0xE0, 0xBF, 0xFF, 0xFF, 0xFF, 0xD0, 0x00, 0x00, 0x0D,
    0xF8, 0x00, 0x00, 0x00, 0x0D, 0xF8, 0x00, 0x09, 0xFF, 0xFF, 0xFA, 0x00, 0x0A, 0xFF, 0xFF, 0xF9, 0x00, 0x0B, 0xF7, 0x00,
    0x00, 0x00, 0x0D, 0xF6, 0x00, 0x00, 0x00, 0x0E, 0xFE, 0xED, 0x80, 0x00, 0x0E, 0xFF, 0xFF, 0xFB, 0x00, 0x01, 0x20, 0x1A,
    0xFF, 0x30, 0x00, 0x00, 0x01, 0xFF, 0x60, 0x00, 0x00, 0x01, 0xFF, 0x50, 0x27, 0x20, 0x09, 0xFF, 0x10, 0x3F, 0xFF, 0xFF,
    0xF8, 0x00, 0x1A, 0xEF, 0xFC, 0x60, 0x00, 0x00, 0x06, 0xCF, 0xFC, 0x00, 0x00, 0xCF, 0xFF, 0xFD, 0x00, 0x08, 0xFE, 0x50,
    0x00, 0x00, 0x0E, 0xF3, 0x00, 0x00, 0x00, 0x3F, 0xE4, 0xCE, 0xB2, 0x00, 0x5F, 0xEF, 0xFF, 0xFE, 0x10, 0x6F, 0xF9, 0x14,
    0xFF, 0x60, 0x6F, 0xF0, 0x00, 0xCF, 0x90, 0x4F, 0xF1, 0x00, 0xCF, 0x90, 0x0E, 0xF9, 0x03, 0xFF, 0x50, 0x06, 0xFF, 0xFF,
    0xFD, 0x00, 0x00, 0x5C, 0xFE, 0xA1, 0x00, 0x9F, 0xFF, 0xFF, 0xFF, 0xA0, 0x8F, 0xFF, 0xFF, 0xFF, 0x90, 0x00, 0x00, 0x02,
    0xFF, 0x30, 0x00, 0x00, 0x09, 0xFC, 0x00, 0x00, 0x00, 0x1F, 0xF5, 0x00, 0x00, 0x00, 0x7F, 0xE0, 0x00, 0x00, 0x00, 0xDF,
    0x80, 0x00, 0x00, 0x04, 0xFF, 0x20, 0x00, 0x00, 0x0B, 0xFB, 0x00, 0x00, 0x00, 0x2F, 0xF5, 0x00, 0x00, 0x00, 0x9F, 0xE0,
    0x00, 0x00, 0x00, 0xFF, 0x80, 0x00, 0x00, 0x00, 0x8D, 0xFE, 0x91, 0x00, 0x0B, 0xFF, 0xFF, 0xFD, 0x00, 0x0F, 0xF7, 0x05,
    0xFF, 0x20, 0x0F, 0xF4, 0x02, 0xFF, 0x10, 0x08, 0xFE, 0x6D, 0xFA, 0x00, 0x00, 0x9F, 0xFF, 0x90, 0x00, 0x04, 0xFF, 0xEF,
    0xF4, 0x00, 0x1F, 0xF6, 0x07, 0xFF, 0x30, 0x6F, 0xD0, 0x00, 0xBF, 0x80, 0x5F, 0xF3, 0x02, 0xEF, 0x70, 0x1E, 0xFF, 0xFF,
    0xFE, 0x10, 0x01, 0x9D, 0xFE, 0xA2, 0x00, 0x00, 0x8E, 0xFD, 0x60, 0x00, 0x0B, 0xFF, 0xFF, 0xF8, 0x00, 0x3F, 0xF5, 0x08,
    0xFF, 0x10, 0x6F, 0xE0, 0x00, 0xFF, 0x60, 0x6F, 0xE0, 0x00, 0xEF, 0x80, 0x4F, 0xF5, 0x17, 0xFF, 0x80, 0x0D, 0xFF, 0xFF,
    0xEF, 0x70, 0x01, 0xAE, 0xD5, 0xCF, 0x50, 0x00, 0x00, 0x02, 0xFF, 0x10, 0x00, 0x00, 0x4D, 0xFA, 0x00, 0x0A, 0xFF, 0xFF,
    0xD1, 0x00, 0x0A, 0xFF, 0xD7, 0x00, 0x00, 0x0B, 0xF5, 0x00, 0x0F, 0xF9, 0x00, 0x09, 0xC3, 0x00, 0x00, 0x00, 0x00, 0x00,
    0x00, 0x00, 0x00, 0x00, 0x00, 0x09, 0xC3, 0x00, 0x0F, 0xF9, 0x00, 0x0B, 0xF5, 0x00, 0x0B, 0xF5, 0x00, 0x0F, 0xF9, 0x00,
    0x09, 0xC3, 0x00, 0x00, 0x00, 0x00, 0x00, 0x00, 0x00, 0x00, 0x00, 0x00, 0x00, 0x00, 0x00, 0x0C, 0xF7, 0x00, 0x0F, 0xF2,
    0x00, 0x2F, 0xC0, 0x00, 0x6F, 0x60, 0x00, 0x00, 0x00, 0x00, 0x18, 0x60, 0x00, 0x00, 0x18, 0xFF, 0x60, 0x00, 0x18, 0xFF,
    0xC5, 0x00, 0x18, 0xFF, 0xB3, 0x00, 0x00, 0x4F, 0xFA, 0x10, 0x00, 0x00, 0x05, 0xCF, 0xFA, 0x40, 0x00, 0x00, 0x03, 0xAF,
    0xFD, 0x30, 0x00, 0x00, 0x02, 0x8F, 0x70, 0x00, 0x00, 0x00, 0x00, 0x20, 0x00, 0x00, 0x00, 0x00, 0x00, 0x4F, 0xFF, 0xFF,
    0xFF, 0x60, 0x5F, 0xFF, 0xFF, 0xFF, 0x70, 0x00, 0x00, 0x00, 0x00, 0x00, 0x4F, 0xFF, 0xFF, 0xFF, 0x60, 0x5F, 0xFF, 0xFF,
    0xFF, 0x70, 0x00, 0x00, 0x00, 0x00, 0x00, 0x00, 0x00, 0x00, 0x00, 0x00, 0x00, 0x00, 0x00, 0x00, 0x00, 0x49, 0x10, 0x00,
    0x00, 0x00, 0x4F, 0xF9, 0x10, 0x00, 0x00, 0x04, 0xBF, 0xF9, 0x10, 0x00, 0x00, 0x02, 0xAF, 0xF9, 0x10, 0x00, 0x00, 0x08,
    0xFF, 0x70, 0x00, 0x39, 0xFF, 0xD6, 0x00, 0x2C, 0xFF, 0xB4, 0x00, 0x00, 0x5F, 0x92, 0x00, 0x00, 0x00, 0x11, 0x00, 0x00,
    0x00, 0x00, 0x00, 0x00, 0x00, 0x00, 0x00, 0x39, 0xEF, 0xEA, 0x10, 0xBF, 0xFF, 0xFF, 0xD0, 0x37, 0x10, 0x3F, 0xF2, 0x00,
    0x00, 0x2F, 0xF1, 0x00, 0x02, 0xDF, 0xA0, 0x00, 0x3F, 0xFA, 0x00, 0x00, 0xBF, 0x80, 0x00, 0x00, 0xAC, 0x20, 0x00, 0x00,
    0x00, 0x00, 0x00, 0x00, 0x9C, 0x30, 0x00, 0x00, 0xFF, 0x90, 0x00, 0x00, 0xBF, 0x50, 0x00, 0x00, 0x00, 0x3A, 0xEF, 0xEB,
    0x40, 0x00, 0x00, 0x09, 0xFF, 0xFF, 0xFF, 0xF9, 0x00, 0x00, 0x9F, 0xE6, 0x10, 0x05, 0xEF, 0x70, 0x03, 0xFD, 0x16, 0xDF,
    0xEB, 0x4E, 0xE0, 0x0A, 0xF3, 0x6F, 0xFF, 0xFF, 0x47, 0xF4, 0x0F, 0xD0, 0xEF, 0x40, 0x8F, 0x43, 0xF7, 0x2F, 0x92, 0xFB,
    0x00, 0x9F, 0x32, 0xF8, 0x2F, 0x83, 0xF9, 0x00, 0xBF, 0x24, 0xF6, 0x1F, 0xA1, 0xFD, 0x13, 0xFF, 0x4A, 0xF3, 0x0F, 0xE0,
    0xBF, 0xFF, 0xDF, 0xFF, 0xC0, 0x0A, 0xF7, 0x1A, 0xEC, 0x25, 0xEB, 0x20, 0x02, 0xFF, 0x93, 0x00, 0x13, 0x50, 0x00, 0x00,
    0x4E, 0xFF, 0xFF, 0xFF, 0xC0, 0x00, 0x00, 0x01, 0x7C, 0xEE, 0xC8, 0x20, 0x00, 0x00, 0x02, 0xFF, 0xF2, 0x00, 0x00, 0x00,
    0x07, 0xFF, 0xF7, 0x00, 0x00, 0x00, 0x0D, 0xFA, 0xFD, 0x00, 0x00, 0x00, 0x2F, 0xF2, 0xFF, 0x20, 0x00, 0x00, 0x7F, 0xC0,
    0xBF, 0x80, 0x00, 0x00, 0xDF, 0x70, 0x6F, 0xD0, 0x00, 0x02, 0xFF, 0x30, 0x2F, 0xF2, 0x00, 0x07, 0xFF, 0xFF, 0xFF, 0xF8,
    0x00, 0x0D, 0xFF, 0xFF, 0xFF, 0xFD, 0x00, 0x2F, 0xF5, 0x00, 0x04, 0xFF, 0x30, 0x8F, 0xF0, 0x00, 0x00, 0xFF, 0x80, 0xDF,
    0xB0, 0x00, 0x00, 0xBF, 0xD0, 0x09, 0xFF, 0xFF, 0xEA, 0x30, 0x00, 0x09, 0xFF, 0xFF, 0xFF, 0xF3, 0x00, 0x09, 0xFD, 0x00,
    0x4F, 0xF8, 0x00, 0x09, 0xFD, 0x00, 0x0E, 0xF9, 0x00, 0x09, 0xFD, 0x00, 0x4F, 0xF5, 0x00, 0x09, 0xFF, 0xFF, 0xFF, 0x90,
    0x00, 0x09, 0xFF, 0xFF, 0xFF, 0xC2, 0x00, 0x09, 0xFD, 0x00, 0x3E, 0xFB, 0x00, 0x09, 0xFD, 0x00, 0x0A, 0xFE, 0x00, 0x09,
    0xFD, 0x00, 0x2E, 0xFC, 0x00, 0x09, 0xFF, 0xFF, 0xFF, 0xF5, 0x00, 0x09, 0xFF, 0xFF, 0xEB, 0x40, 0x00, 0x00, 0x04, 0xBE,
    0xFD, 0x93, 0x00, 0x7F, 0xFF, 0xFF, 0xF5, 0x03, 0xFF, 0xA1, 0x03, 0x90, 0x0A, 0xFE, 0x00, 0x00, 0x00, 0x0E, 0xF9, 0x00,
    0x00, 0x00, 0x0F, 0xF7, 0x00, 0x00, 0x00, 0x0F, 0xF7, 0x00, 0x00, 0x00, 0x0F, 0xF9, 0x00, 0x00, 0x00, 0x0B, 0xFE, 0x00,
    0x00, 0x00, 0x05, 0xFF, 0x90, 0x01, 0x51, 0x00, 0xAF, 0xFF, 0xFF, 0xF3, 0x00, 0x06, 0xCF, 0xFE, 0xA1, 0x09, 0xFF, 0xFF,
    0xD8, 0x10, 0x00, 0x09, 0xFF, 0xFF, 0xFF, 0xF4, 0x00, 0x09, 0xFD, 0x00, 0x3D, 0xFE, 0x10, 0x09, 0xFD, 0x00, 0x01, 0xFF,
    0x70, 0x09, 0xFD, 0x00, 0x00, 0xBF, 0xC0, 0x09, 0xFD, 0x00, 0x00, 0x9F, 0xD0, 0x09, 0xFD, 0x00, 0x00, 0xAF, 0xD0, 0x09,
    0xFD, 0x00, 0x00, 0xCF, 0xB0, 0x09, 0xFD, 0x00, 0x02, 0xFF, 0x70, 0x09, 0xFD, 0x00, 0x4D, 0xFE, 0x10, 0x09, 0xFF, 0xFF,
    0xFF, 0xE3, 0x00, 0x09, 0xFF, 0xFF, 0xC8, 0x10, 0x00, 0x09, 0xFF, 0xFF, 0xFF, 0x00, 0x09, 0xFF, 0xFF, 0xFF, 0x00, 0x09,
    0xFD, 0x00, 0x00, 0x00, 0x09, 0xFD, 0x00, 0x00, 0x00, 0x09, 0xFD, 0x00, 0x00, 0x00, 0x09, 0xFF, 0xFF, 0xFB, 0x00, 0x09,
    0xFF, 0xFF, 0xFB, 0x00, 0x09, 0xFD, 0x00, 0x00, 0x00, 0x09, 0xFD, 0x00, 0x00, 0x00, 0x09, 0xFD, 0x00, 0x00, 0x00, 0x09,
    0xFF, 0xFF, 0xFF, 0x00, 0x09, 0xFF, 0xFF, 0xFF, 0x00, 0x09, 0xFF, 0xFF, 0xFF, 0x00, 0x09, 0xFF, 0xFF, 0xFE, 0x00, 0x09,
    0xFD, 0x00, 0x00, 0x00, 0x09, 0xFD, 0x00, 0x00, 0x00, 0x09, 0xFD, 0x00, 0x00, 0x00, 0x09, 0xFF, 0xFF, 0xFA, 0x00, 0x09,
    0xFF, 0xFF, 0xFB, 0x00, 0x09, 0xFD, 0x00, 0x00, 0x00, 0x09, 0xFD, 0x00, 0x00, 0x00, 0x09, 0xFD, 0x00, 0x00, 0x00, 0x09,
    0xFD, 0x00, 0x00, 0x00, 0x09, 0xFD, 0x00, 0x00, 0x00, 0x00, 0x02, 0x9D, 0xFE, 0xD8, 0x10, 0x00, 0x5F, 0xFF, 0xFF, 0xFE,
    0x00, 0x02, 0xFF, 0xD3, 0x00, 0x34, 0x00, 0x0A, 0xFF, 0x10, 0x00, 0x00, 0x00, 0x0E, 0xFA, 0x00, 0x00, 0x00, 0x00, 0x0F,
    0xF7, 0x03, 0xFF, 0xFF, 0x40, 0x0F, 0xF7, 0x03, 0xFF, 0xFF, 0x40, 0x0F, 0xF9, 0x00, 0x01, 0xFF, 0x40, 0x0B, 0xFE, 0x00,
    0x01, 0xFF, 0x40, 0x05, 0xFF, 0xA1, 0x01, 0xFF, 0x40, 0x00, 0x9F, 0xFF, 0xFF, 0xFF, 0x40, 0x00, 0x05, 0xCF, 0xFF, 0xD9,
    0x20, 0x09, 0xFD, 0x00, 0x00, 0x9F, 0xC0, 0x09, 0xFD, 0x00, 0x00, 0x9F, 0xC0, 0x09, 0xFD, 0x00, 0x00, 0x9F, 0xC0, 0x09,
    0xFD, 0x00, 0x00, 0x9F, 0xC0, 0x09, 0xFD, 0x00, 0x00, 0x9F, 0xC0, 0x09, 0xFF, 0xFF, 0xFF, 0xFF, 0xC0, 0x09, 0xFF, 0xFF,
    0xFF, 0xFF, 0xC0, 0x09, 0xFD, 0x00, 0x00, 0x9F, 0xC0, 0x09, 0xFD, 0x00, 0x00, 0x9F, 0xC0, 0x09, 0xFD, 0x00, 0x00, 0x9F,
    0xC0, 0x09, 0xFD, 0x00, 0x00, 0x9F, 0xC0, 0x09, 0xFD, 0x00, 0x00, 0x9F, 0xC0, 0x7F, 0xFF, 0xFB, 0x5F, 0xFF, 0xF8, 0x02,
    0xFF, 0x50, 0x01, 0xFF, 0x50, 0x01, 0xFF, 0x50, 0x01, 0xFF, 0x50, 0x01, 0xFF, 0x50, 0x01, 0xFF, 0x50, 0x01, 0xFF, 0x50,
    0x01, 0xFF, 0x50, 0x4E, 0xFF, 0xF6, 0x7F, 0xFF, 0xFB, 0x00, 0x09, 0xFD, 0x00, 0x00, 0x09, 0xFD, 0x00, 0x00, 0x09, 0xFD,
    0x00, 0x00, 0x09, 0xFD, 0x00, 0x00, 0x09, 0xFD, 0x00, 0x00, 0x09, 0xFD, 0x00, 0x00, 0x09, 0xFD, 0x00, 0x00, 0x09, 0xFD,
    0x00, 0x00, 0x09, 0xFD, 0x00, 0x00, 0x09, 0xFD, 0x00, 0x00, 0x09, 0xFD, 0x00, 0x00, 0x09, 0xFC, 0x00, 0x00, 0x2E, 0xF9,
    0x00, 0x3F, 0xFF, 0xF3, 0x00, 0x2E, 0xEB, 0x40, 0x00, 0x09, 0xFD, 0x00, 0x07, 0xFF, 0x30, 0x09, 0xFD, 0x00, 0x3F, 0xF7,
    0x00, 0x09, 0xFD, 0x01, 0xEF, 0xB0, 0x00, 0x09, 0xFD, 0x0B, 0xFE, 0x10, 0x00, 0x09, 0xFD, 0x7F, 0xF3, 0x00, 0x00, 0x09,
    0xFF, 0xFF, 0xC0, 0x00, 0x00, 0x09, 0xFF, 0xFF, 0xF4, 0x00, 0x00, 0x09, 0xFF, 0x4C, 0xFD, 0x00, 0x00, 0x09, 0xFD, 0x03,
    0xFF, 0x80, 0x00, 0x09, 0xFD, 0x00, 0x9F, 0xF2, 0x00, 0x09, 0xFD, 0x00, 0x1E, 0xFB, 0x00, 0x09, 0xFD, 0x00, 0x06, 0xFF,
    0x50, 0x09, 0xFD, 0x00, 0x00, 0x00, 0x09, 0xFD, 0x00, 0x00, 0x00, 0x09, 0xFD, 0x00, 0x00, 0x00, 0x09, 0xFD, 0x00, 0x00,
    0x00, 0x09, 0xFD, 0x00, 0x00, 0x00, 0x09, 0xFD, 0x00, 0x00, 0x00, 0x09, 0xFD, 0x00, 0x00, 0x00, 0x09, 0xFD, 0x00, 0x00,
    0x00, 0x09, 0xFD, 0x00, 0x00, 0x00, 0x09, 0xFD, 0x00, 0x00, 0x00, 0x09, 0xFF, 0xFF, 0xFF, 0x80, 0x09, 0xFF, 0xFF, 0xFF,
    0x80, 0x09, 0xFF, 0xE0, 0x00, 0x00, 0xCF, 0xFA, 0x00, 0x09, 0xFF, 0xF2, 0x00, 0x01, 0xFF, 0xFA, 0x00, 0x09, 0xFF, 0xF7,
    0x00, 0x06, 0xFF, 0xFA, 0x00, 0x09, 0xFD, 0xFC, 0x00, 0x0B, 0xFB, 0xFA, 0x00, 0x09, 0xF9, 0xFF, 0x10, 0x1F, 0xD9, 0xFA,
    0x00, 0x09, 0xF9, 0xBF, 0x50, 0x5F, 0x89, 0xFA, 0x00, 0x09, 0xF9, 0x6F, 0xA0, 0xAF, 0x39, 0xFA, 0x00, 0x09, 0xF9, 0x1F,
    0xE0, 0xFE, 0x09, 0xFA, 0x00, 0x09, 0xF9, 0x0C, 0xF8, 0xF9, 0x09, 0xFA, 0x00, 0x09, 0xF9, 0x08, 0xFF, 0xF4, 0x09, 0xFA,
    0x00, 0x09, 0xF9, 0x03, 0xFF, 0xF0, 0x09, 0xFA, 0x00, 0x09, 0xF9, 0x00, 0xEF, 0xA0, 0x09, 0xFA, 0x00, 0x09, 0xFF, 0xC0,
    0x00, 0x09, 0xF9, 0x00, 0x09, 0xFF, 0xF5, 0x00, 0x09, 0xF9, 0x00, 0x09, 0xFF, 0xFD, 0x00, 0x09, 0xF9, 0x00, 0x09, 0xFA,
    0xFF, 0x60, 0x09, 0xF9, 0x00, 0x09, 0xF8, 0xAF, 0xE0, 0x09, 0xF9, 0x00, 0x09, 0xF8, 0x2F, 0xF8, 0x09, 0xF9, 0x00, 0x09,
    0xF9, 0x08, 0xFF, 0x19, 0xF9, 0x00, 0x09, 0xF9, 0x01, 0xEF, 0x98, 0xF9, 0x00, 0x09, 0xF9, 0x00, 0x7F, 0xFB, 0xF9, 0x00,
    0x09, 0xF9, 0x00, 0x0D, 0xFF, 0xF9, 0x00, 0x09, 0xF9, 0x00, 0x05, 0xFF, 0xF9, 0x00, 0x09, 0xF9, 0x00, 0x00, 0xCF, 0xF9,
    0x00, 0x00, 0x05, 0xBE, 0xFE, 0xA2, 0x00, 0x00, 0x00, 0x8F, 0xFF, 0xFF, 0xFF, 0x50, 0x00, 0x04, 0xFF, 0xA1, 0x02, 0xCF,
    0xE1, 0x00, 0x0B, 0xFE, 0x00, 0x00, 0x3F, 0xF6, 0x00, 0x0F, 0xFA, 0x00, 0x00, 0x0E, 0xFA, 0x00, 0x0F, 0xF8, 0x00, 0x00,
    0x0C, 0xFC, 0x00, 0x0F, 0xF8, 0x00, 0x00, 0x0C, 0xFC, 0x00, 0x0E, 0xFA, 0x00, 0x00, 0x0E, 0xFA, 0x00, 0x0B, 0xFE, 0x00,
    0x00, 0x3F, 0xF6, 0x00, 0x04, 0xFF, 0xA1, 0x02, 0xCF, 0xE1, 0x00, 0x00, 0x8F, 0xFF, 0xFF, 0xFF, 0x40, 0x00, 0x00, 0x05,
    0xBE, 0xFE, 0xA2, 0x00, 0x00, 0x09, 0xFF, 0xFF, 0xD8, 0x00, 0x09, 0xFF, 0xFF, 0xFF, 0xA0, 0x09, 0xFD, 0x00, 0xAF, 0xF2,
    0x09, 0xFD, 0x00, 0x2F, 0xF4, 0x09, 0xFD, 0x00, 0x3F, 0xF4, 0x09, 0xFD, 0x02, 0xBF, 0xF0, 0x09, 0xFF, 0xFF, 0xFF, 0x70,
    0x09, 0xFF, 0xEE, 0xB5, 0x00, 0x09, 0xFD, 0x00, 0x00, 0x00, 0x09, 0xFD, 0x00, 0x00, 0x00, 0x09, 0xFD, 0x00, 0x00, 0x00,
    0x09, 0xFD, 0x00, 0x00, 0x00, 0x00, 0x05, 0xBE, 0xFE, 0xA2, 0x00, 0x00, 0x00, 0x8F, 0xFF, 0xFF, 0xFF, 0x50, 0x00, 0x04,
    0xFF, 0xA1, 0x02, 0xCF, 0xE1, 0x00, 0x0B, 0xFE, 0x00, 0x00, 0x3F, 0xF6, 0x00, 0x0F, 0xFA, 0x00, 0x00, 0x0E, 0xFA, 0x00,
    0x0F, 0xF8, 0x00, 0x00, 0x0C, 0xFC, 0x00, 0x0F, 0xF8, 0x00, 0x00, 0x0C, 0xFC, 0x00, 0x0E, 0xFA, 0x00, 0x00, 0x0E, 0xFA,
    0x00, 0x0B, 0xFE, 0x00, 0x00, 0x3F, 0xF6, 0x00, 0x04, 0xFF, 0xA1, 0x02, 0xCF, 0xF1, 0x00, 0x00, 0x8F, 0xFF, 0xFF, 0xFF,
    0x50, 0x00, 0x00, 0x05, 0xBE, 0xFF, 0xF4, 0x00, 0x00, 0x00, 0x00, 0x00, 0x1E, 0xFD, 0x10, 0x00, 0x00, 0x00, 0x00, 0x03,
    0xFF, 0xC0, 0x00, 0x00, 0x00, 0x00, 0x00, 0x47, 0x74, 0x00, 0x09, 0xFF, 0xFF, 0xC7, 0x00, 0x00, 0x09, 0xFF, 0xFF, 0xFF,
    0xA0, 0x00, 0x09, 0xFD, 0x01, 0xAF, 0xF2, 0x00, 0x09, 0xFD, 0x00, 0x3F, 0xF4, 0x00, 0x09, 0xFD, 0x00, 0x3F, 0xF4, 0x00,
    0x09, 0xFD, 0x02, 0xBF, 0xE0, 0x00, 0x09, 0xFF, 0xFF, 0xFF, 0x40, 0x00, 0x09, 0xFF, 0xFF, 0xF7, 0x00, 0x00, 0x09, 0xFD,
    0x07, 0xFE, 0x10, 0x00, 0x09, 0xFD, 0x00, 0xCF, 0xB0, 0x00, 0x09, 0xFD, 0x00, 0x2F, 0xF7, 0x00, 0x09, 0xFD, 0x00, 0x07,
    0xFF, 0x30, 0x00, 0x7D, 0xFE, 0xC6, 0x00, 0x09, 0xFF, 0xFF, 0xFD, 0x00, 0x0F, 0xF7, 0x01, 0x55, 0x00, 0x1F, 0xF5, 0x00,
    0x00, 0x00, 0x0E, 0xFF, 0x70, 0x00, 0x00, 0x05, 0xFF, 0xFE, 0x50, 0x00, 0x00, 0x3D, 0xFF, 0xF7, 0x00, 0x00, 0x00, 0x5E,
    0xFF, 0x00, 0x00, 0x00, 0x04, 0xFF, 0x20, 0x39, 0x30, 0x07, 0xFF, 0x00, 0x4F, 0xFF, 0xFF, 0xF8, 0x00, 0x19, 0xDF, 0xEC,
    0x50, 0x00, 0xBF, 0xFF, 0xFF, 0xFF, 0xF0, 0xAF, 0xFF, 0xFF, 0xFF, 0xE0, 0x00, 0x09, 0xFD, 0x00, 0x00, 0x00, 0x09, 0xFD,
    0x00, 0x00, 0x00, 0x09, 0xFD, 0x00, 0x00, 0x00, 0x09, 0xFD, 0x00, 0x00, 0x00, 0x09, 0xFD, 0x00, 0x00, 0x00, 0x09, 0xFD,
    0x00, 0x00, 0x00, 0x09, 0xFD, 0x00, 0x00, 0x00, 0x09, 0xFD, 0x00, 0x00, 0x00, 0x09, 0xFD, 0x00, 0x00, 0x00, 0x09, 0xFD,
    0x00, 0x00, 0x0A, 0xFC, 0x00, 0x00, 0xBF, 0xB0, 0x0A, 0xFC, 0x00, 0x00, 0xBF, 0xB0, 0x0A, 0xFC, 0x00, 0x00, 0xBF, 0xB0,
    0x0A, 0xFC, 0x00, 0x00, 0xBF, 0xB0, 0x0A, 0xFC, 0x00, 0x00, 0xBF, 0xB0, 0x0A, 0xFC, 0x00, 0x00, 0xBF, 0xB0, 0x0A, 0xFC,
    0x00, 0x00, 0xBF, 0xB0, 0x0A, 0xFC, 0x00, 0x00, 0xBF, 0xB0, 0x08, 0xFE, 0x00, 0x00, 0xDF, 0xA0, 0x04, 0xFF, 0x91, 0x18,
    0xFF, 0x50, 0x00, 0xAF, 0xFF, 0xFF, 0xFB, 0x00, 0x00, 0x07, 0xDF, 0xFD, 0x70, 0x00, 0xDF, 0x90, 0x00, 0x03, 0xFF, 0x30,
    0x8F, 0xE0, 0x00, 0x07, 0xFE, 0x00, 0x3F, 0xF3, 0x00, 0x0C, 0xF9, 0x00, 0x0D, 0xF7, 0x00, 0x1F, 0xF4, 0x00, 0x08, 0xFC,
    0x00, 0x6F, 0xE0, 0x00, 0x03, 0xFF, 0x10, 0xBF, 0x90, 0x00, 0x00, 0xEF, 0x60, 0xFF, 0x40, 0x00, 0x00, 0x9F, 0xA4, 0xFF,
    0x00, 0x00, 0x00, 0x4F, 0xE8, 0xFA, 0x00, 0x00, 0x00, 0x0E, 0xFE, 0xF5, 0x00, 0x00, 0x00, 0x09, 0xFF, 0xF0, 0x00, 0x00,
    0x00, 0x04, 0xFF, 0xA0, 0x00, 0x00, 0xEF, 0x70, 0x00, 0x8F, 0xF0, 0x00, 0x0F, 0xF5, 0xAF, 0xB0, 0x00, 0xCF, 0xF3, 0x00,
    0x3F, 0xF1, 0x6F, 0xE0, 0x00, 0xFF, 0xF7, 0x00, 0x7F, 0xD0, 0x2F, 0xF2, 0x04, 0xFD, 0xFB, 0x00, 0xBF, 0x90, 0x0E, 0xF6,
    0x08, 0xF7, 0xFF, 0x00, 0xEF, 0x60, 0x0A, 0xF9, 0x0C, 0xF4, 0xCF, 0x32, 0xFF, 0x20, 0x06, 0xFD, 0x0F, 0xF0, 0x9F, 0x75,
    0xFE, 0x00, 0x03, 0xFF, 0x4F, 0xC0, 0x5F, 0xB9, 0xFA, 0x00, 0x00, 0xEF, 0x9F, 0x80, 0x1F, 0xEB, 0xF6, 0x00, 0x00, 0xBF,
    0xEF, 0x40, 0x0D, 0xFE, 0xF2, 0x00, 0x00, 0x7F, 0xFF, 0x00, 0x09, 0xFF, 0xE0, 0x00, 0x00, 0x3F, 0xFC, 0x00, 0x05, 0xFF,
    0xA0, 0x00, 0x7F, 0xF3, 0x00, 0x07, 0xFF, 0x20, 0x0D, 0xFB, 0x00, 0x1F, 0xF8, 0x00, 0x03, 0xFF, 0x50, 0x9F, 0xD0, 0x00,
    0x00, 0xAF, 0xD2, 0xFF, 0x40, 0x00, 0x00, 0x1F, 0xFE, 0xFB, 0x00, 0x00, 0x00, 0x06, 0xFF, 0xF2, 0x00, 0x00, 0x00, 0x09,
    0xFF, 0xF2, 0x00, 0x00, 0x00, 0x3F, 0xFD, 0xFC, 0x00, 0x00, 0x00, 0xDF, 0xA2, 0xFF, 0x60, 0x00, 0x07, 0xFF, 0x10, 0x9F,
    0xF1, 0x00, 0x1F, 0xF7, 0x00, 0x1E, 0xFB, 0x00, 0xBF, 0xD0, 0x00, 0x06, 0xFF, 0x50, 0xBF, 0xD0, 0x00, 0x0D, 0xFB, 0x3F,
    0xF6, 0x00, 0x6F, 0xF3, 0x0B, 0xFD, 0x00, 0xDF, 0xB0, 0x03, 0xFF, 0x66, 0xFF, 0x20, 0x00, 0xBF, 0xDE, 0xFA, 0x00, 0x00,
    0x3F, 0xFF, 0xF2, 0x00, 0x00, 0x0A, 0xFF, 0xA0, 0x00, 0x00, 0x04, 0xFF, 0x30, 0x00, 0x00, 0x03, 0xFF, 0x30, 0x00, 0x00,
    0x03, 0xFF, 0x30, 0x00, 0x00, 0x03, 0xFF, 0x30, 0x00, 0x00, 0x03, 0xFF, 0x30, 0x00, 0x7F, 0xFF, 0xFF, 0xFF, 0xB0, 0x7F,
    0xFF, 0xFF, 0xFF, 0xA0, 0x00, 0x00, 0x08, 0xFF, 0x20, 0x00, 0x00, 0x2F, 0xF7, 0x00, 0x00, 0x00, 0xCF, 0xC0, 0x00, 0x00,
    0x06, 0xFF, 0x30, 0x00, 0x00, 0x1F, 0xF8, 0x00, 0x00, 0x00, 0xBF, 0xD0, 0x00, 0x00, 0x05, 0xFF, 0x40, 0x00, 0x00, 0x1E,
    0xFA, 0x00, 0x00, 0x00, 0x8F, 0xFF, 0xFF, 0xFF, 0xD0, 0x9F, 0xFF, 0xFF, 0xFF, 0xE0, 0x0E, 0xFF, 0xE0, 0x0E, 0xFF, 0xD0,
    0x0E, 0xF2, 0x00, 0x0E, 0xF2, 0x00, 0x0E, 0xF2, 0x00, 0x0E, 0xF2, 0x00, 0x0E, 0xF2, 0x00, 0x0E, 0xF2, 0x00, 0x0E, 0xF2,
    0x00, 0x0E, 0xF2, 0x00, 0x0E, 0xF2, 0x00, 0x0E, 0xF2, 0x00, 0x0E, 0xF2, 0x00, 0x0E, 0xFF, 0xE0, 0x0D, 0xFF, 0xD0, 0xBF,
    0x60, 0x00, 0x00, 0x6F, 0xC0, 0x00, 0x00, 0x0F, 0xF2, 0x00, 0x00, 0x0A, 0xF7, 0x00, 0x00, 0x04, 0xFD, 0x00, 0x00, 0x00,
    0xEF, 0x30, 0x00, 0x00, 0x9F, 0x80, 0x00, 0x00, 0x3F, 0xE0, 0x00, 0x00, 0x0E, 0xF4, 0x00, 0x00, 0x08, 0xF9, 0x00, 0x00,
    0x02, 0xFF, 0x00, 0x00, 0x00, 0xDF, 0x50, 0x9F, 0xFF, 0x20, 0x8F, 0xFF, 0x20, 0x00, 0xDF, 0x20, 0x00, 0xDF, 0x20, 0x00,
    0xDF, 0x20, 0x00, 0xDF, 0x20, 0x00, 0xDF, 0x20, 0x00, 0xDF, 0x20, 0x00, 0xDF, 0x20, 0x00, 0xDF, 0x20, 0x00, 0xDF, 0x20,
    0x00, 0xDF, 0x20, 0x00, 0xDF, 0x20, 0x9F, 0xFF, 0x20, 0x8F, 0xFF, 0x20, 0x00, 0x02, 0x70, 0x00, 0x00, 0x00, 0x0A, 0xF6,
    0x00, 0x00, 0x00, 0x2F, 0xFE, 0x00, 0x00, 0x00, 0x9F, 0x8F, 0x70, 0x00, 0x01, 0xFB, 0x0D, 0xE0, 0x00, 0x07, 0xF4, 0x05,
    0xF7, 0x00, 0x0E, 0xD0, 0x00, 0xDF, 0x10, 0x6F, 0x60, 0x00, 0x5F, 0x80, 0x00, 0x00, 0x00, 0x00, 0x00, 0x00, 0x00, 0x00,
    0x00, 0x00, 0x00, 0x00, 0x00, 0x00, 0x00, 0x00, 0x00, 0x00, 0x00, 0x00, 0x00, 0x00, 0x00, 0x00, 0x0F, 0xFF, 0xFF, 0xF9,
    0x02, 0x22, 0x22, 0x21, 0x17, 0x83, 0x00, 0x06, 0xFE, 0x20, 0x00, 0x3E, 0xD0, 0x00, 0x00, 0x00, 0x00, 0x00, 0x00, 0x00,
    0x00, 0x00, 0x00, 0x00, 0x00, 0x00, 0x00, 0x00, 0x00, 0x00, 0x00, 0x00, 0x00, 0x00, 0x00, 0x00, 0x00, 0x00, 0x00, 0x00,
    0x00, 0x00, 0x00, 0x01, 0x8D, 0xFE, 0xB3, 0x00, 0x03, 0xFF, 0xFF, 0xFE, 0x10, 0x00, 0x31, 0x01, 0xFF, 0x50, 0x02, 0x9D,
    0xEF, 0xFF, 0x70, 0x0D, 0xFF, 0xFF, 0xFF, 0x70, 0x3F, 0xF8, 0x10, 0xEF, 0x70, 0x4F, 0xF4, 0x05, 0xFF, 0x70, 0x1F, 0xFF,
    0xFF, 0xDF, 0x70, 0x04, 0xDF, 0xD5, 0x5F, 0x70, 0x0C, 0xFA, 0x00, 0x00, 0x00, 0x0C, 0xFA, 0x00, 0x00, 0x00, 0x0C, 0xF9,
    0x00, 0x00, 0x00, 0x0C, 0xF9, 0x7E, 0xFA, 0x00, 0x0C, 0xFE, 0xFF, 0xFF, 0xB0, 0x0C, 0xFF, 0x20, 0x9F, 0xF2, 0x0C, 0xFB,
    0x00, 0x2F, 0xF5, 0x0C, 0xFA, 0x00, 0x0F, 0xF6, 0x0C, 0xFB, 0x00, 0x2F, 0xF5, 0x0C, 0xFF, 0x30, 0x9F, 0xF2, 0x0C, 0xFF,
    0xFF, 0xFF, 0xA0, 0x0C, 0xF5, 0xAF, 0xFA, 0x00, 0x00, 0x4C, 0xFF, 0xC5, 0x06, 0xFF, 0xFF, 0xF6, 0x0E, 0xFB, 0x10, 0x40,
    0x2F, 0xF4, 0x00, 0x00, 0x4F, 0xF2, 0x00, 0x00, 0x3F, 0xF4, 0x00, 0x00, 0x0F, 0xFB, 0x00, 0x34, 0x08, 0xFF, 0xFF, 0xF7,
    0x00, 0x7D, 0xFF, 0xC3, 0x00, 0x00, 0x00, 0x8F, 0xE0, 0x00, 0x00, 0x00, 0x8F, 0xE0, 0x00, 0x00, 0x00, 0x7F, 0xE0, 0x00,
    0x8E, 0xFA, 0x7F, 0xE0, 0x09, 0xFF, 0xFF, 0xEF, 0xE0, 0x0F, 0xFB, 0x01, 0xDF, 0xE0, 0x3F, 0xF4, 0x00, 0x7F, 0xE0, 0x4F,
    0xF2, 0x00, 0x5F, 0xE0, 0x3F, 0xF4, 0x00, 0x6F, 0xE0, 0x0F, 0xFB, 0x01, 0xCF, 0xE0, 0x09, 0xFF, 0xFF, 0xEF, 0xE0, 0x00,
    0x9E, 0xF9, 0x2F, 0xE0, 0x00, 0x5C, 0xFF, 0xB2, 0x00, 0x06, 0xFF, 0xFF, 0xFF, 0x20, 0x0E, 0xF8, 0x00, 0xBF, 0x90, 0x2F,
    0xFF, 0xFF, 0xFF, 0xB0, 0x4F, 0xFF, 0xFF, 0xFF, 0xC0, 0x2F, 0xF3, 0x00, 0x00, 0x00, 0x0E, 0xFC, 0x10, 0x05, 0x20, 0x05,
    0xFF, 0xFF, 0xFF, 0x40, 0x00, 0x4B, 0xEF, 0xE9, 0x10, 0x00, 0x7D, 0xFE, 0x90, 0x03, 0xFF, 0xFF, 0x80, 0x05, 0xFF, 0x20,
    0x00, 0x5E, 0xFF, 0xFF, 0x10, 0xAF, 0xFF, 0xFF, 0x10, 0x06, 0xFF, 0x00, 0x00, 0x06, 0xFF, 0x00, 0x00, 0x06, 0xFF, 0x00,
    0x00, 0x06, 0xFF, 0x00, 0x00, 0x06, 0xFF, 0x00, 0x00, 0x06, 0xFF, 0x00, 0x00, 0x06, 0xFF, 0x00, 0x00, 0x00, 0x9E, 0xFA,
    0x4F, 0xE0, 0x08, 0xFF, 0xFF, 0xEF, 0xE0, 0x0F, 0xFB, 0x01, 0xDF, 0xE0, 0x2F, 0xF4, 0x00, 0x7F, 0xE0, 0x4F, 0xF2, 0x00,
    0x5F, 0xE0, 0x2F, 0xF4, 0x00, 0x6F, 0xE0, 0x0F, 0xFB, 0x01, 0xCF, 0xE0, 0x08, 0xFF, 0xFF, 0xFF, 0xE0, 0x00, 0x9F, 0xF9,
    0x8F, 0xE0, 0x00, 0x00, 0x00, 0x9F, 0xD0, 0x06, 0x30, 0x02, 0xEF, 0xA0, 0x0C, 0xFF, 0xFF, 0xFF, 0x30, 0x06, 0xCF, 0xFE,
    0xB3, 0x00, 0x0C, 0xFA, 0x00, 0x00, 0x00, 0x00, 0x0C, 0xFA, 0x00, 0x00, 0x00, 0x00, 0x0C, 0xF9, 0x00, 0x00, 0x00, 0x00,
    0x0C, 0xF9, 0x8E, 0xFB, 0x20, 0x00, 0x0C, 0xFE, 0xFF, 0xFF, 0xE0, 0x00, 0x0C, 0xFF, 0x40, 0x7F, 0xF3, 0x00, 0x0C, 0xFC,
    0x00, 0x1F, 0xF4, 0x00, 0x0C, 0xFA, 0x00, 0x1F, 0xF5, 0x00, 0x0C, 0xFA, 0x00, 0x1F, 0xF5, 0x00, 0x0C, 0xFA, 0x00, 0x1F,
    0xF5, 0x00, 0x0C, 0xFA, 0x00, 0x1F, 0xF5, 0x00, 0x0C, 0xFA, 0x00, 0x1F, 0xF5, 0x00, 0x09, 0xF8, 0x00, 0x08, 0xE7, 0x00,
    0x00, 0x00, 0x00, 0x0C, 0xFA, 0x00, 0x0C, 0xFA, 0x00, 0x0C, 0xFA, 0x00, 0x0C, 0xFA, 0x00, 0x0C, 0xFA, 0x00, 0x0C, 0xFA,
    0x00, 0x0C, 0xFA, 0x00, 0x0C, 0xFA, 0x00, 0x0C, 0xFA, 0x00, 0x00, 0x09, 0xF8, 0x00, 0x00, 0x08, 0xE7, 0x00, 0x00, 0x00,
    0x00, 0x00, 0x00, 0x0C, 0xFA, 0x00, 0x00, 0x0C, 0xFA, 0x00, 0x00, 0x0C, 0xFA, 0x00, 0x00, 0x0C, 0xFA, 0x00, 0x00, 0x0C,
    0xFA, 0x00, 0x00, 0x0C, 0xFA, 0x00, 0x00, 0x0C, 0xFA, 0x00, 0x00, 0x0C, 0xFA, 0x00, 0x00, 0x0C, 0xFA, 0x00, 0x00, 0x0C,
    0xFA, 0x00, 0x00, 0x1E, 0xF9, 0x00, 0x0F, 0xFF, 0xF4, 0x00, 0x0E, 0xFE, 0x70, 0x00, 0x0C, 0xFA, 0x00, 0x00, 0x00, 0x0C,
    0xFA, 0x00, 0x00, 0x00, 0x0C, 0xFA, 0x00, 0x00, 0x00, 0x0C, 0xFA, 0x00, 0x6F, 0xF4, 0x0C, 0xFA, 0x05, 0xFF, 0x60, 0x0C,
    0xF9, 0x3F, 0xF8, 0x00, 0x0C, 0xFA, 0xEF, 0x90, 0x00, 0x0C, 0xFF, 0xFF, 0xA0, 0x00, 0x0C, 0xFF, 0xAF, 0xF5, 0x00, 0x0C,
    0xFA, 0x09, 0xFF, 0x20, 0x0C, 0xFA, 0x00, 0xDF, 0xC0, 0x0C, 0xFA, 0x00, 0x3F, 0xF8, 0x0C, 0xFA, 0x00, 0x0C, 0xFA, 0x00,
    0x0C, 0xFA, 0x00, 0x0C, 0xFA, 0x00, 0x0C, 0xFA, 0x00, 0x0C, 0xFA, 0x00, 0x0C, 0xFA, 0x00, 0x0C, 0xFA, 0x00, 0x0C, 0xFA,
    0x00, 0x0C, 0xFA, 0x00, 0x0C, 0xFA, 0x00, 0x0C, 0xFA, 0x00, 0x0C, 0xF5, 0xAE, 0xFC, 0x37, 0xDF, 0xD5, 0x00, 0x0C, 0xFF,
    0xFF, 0xFF, 0xFF, 0xFF, 0xFF, 0x20, 0x0C, 0xFF, 0x40, 0xAF, 0xFA, 0x03, 0xFF, 0x60, 0x0C, 0xFC, 0x00, 0x5F, 0xF3, 0x00,
    0xEF, 0x80, 0x0C, 0xFA, 0x00, 0x5F, 0xF1, 0x00, 0xEF, 0x80, 0x0C, 0xFA, 0x00, 0x5F, 0xF1, 0x00, 0xEF, 0x80, 0x0C, 0xFA,
    0x00, 0x5F, 0xF1, 0x00, 0xEF, 0x80, 0x0C, 0xFA, 0x00, 0x5F, 0xF1, 0x00, 0xEF, 0x80, 0x0C, 0xFA, 0x00, 0x5F, 0xF1, 0x00,
    0xEF, 0x80, 0x0C, 0xF3, 0x9E, 0xFB, 0x20, 0x00, 0x0C, 0xFE, 0xFF, 0xFF, 0xE0, 0x00, 0x0C, 0xFF, 0x40, 0x7F, 0xF3, 0x00,
    0x0C, 0xFC, 0x00, 0x1F, 0xF4, 0x00, 0x0C, 0xFA, 0x00, 0x1F, 0xF5, 0x00, 0x0C, 0xFA, 0x00, 0x1F, 0xF5, 0x00, 0x0C, 0xFA,
    0x00, 0x1F, 0xF5, 0x00, 0x0C, 0xFA, 0x00, 0x1F, 0xF5, 0x00, 0x0C, 0xFA, 0x00, 0x1F, 0xF5, 0x00, 0x00, 0x5C, 0xFF, 0xB3,
    0x00, 0x06, 0xFF, 0xFF, 0xFF, 0x30, 0x0E, 0xFB, 0x01, 0xCF, 0xC0, 0x3F, 0xF4, 0x00, 0x5F, 0xF1, 0x4F, 0xF2, 0x00, 0x4F,
    0xF2, 0x2F, 0xF4, 0x00, 0x5F, 0xF1, 0x0E, 0xFB, 0x01, 0xCF, 0xD0, 0x05, 0xFF, 0xFF, 0xFF, 0x40, 0x00, 0x4C, 0xFF, 0xB4,
    0x00, 0x0C, 0xF4, 0x7E, 0xFA, 0x00, 0x0C, 0xFE, 0xFF, 0xFF, 0xB0, 0x0C, 0xFF, 0x20, 0x9F, 0xF2, 0x0C, 0xFB, 0x00, 0x2F,
    0xF5, 0x0C, 0xFA, 0x00, 0x0F, 0xF6, 0x0C, 0xFB, 0x00, 0x2F, 0xF5, 0x0C, 0xFF, 0x30, 0x9F, 0xF2, 0x0C, 0xFF, 0xFF, 0xFF,
    0xA0, 0x0C, 0xF9, 0x9F, 0xF9, 0x00, 0x0C, 0xF9, 0x00, 0x00, 0x00, 0x0C, 0xFA, 0x00, 0x00, 0x00, 0x0C, 0xFA, 0x00, 0x00,
    0x00, 0x0C, 0xFA, 0x00, 0x00, 0x00, 0x00, 0x8E, 0xFA, 0x4F, 0xE0, 0x09, 0xFF, 0xFF, 0xEF, 0xE0, 0x0F, 0xFB, 0x01, 0xDF,
    0xE0, 0x3F, 0xF4, 0x00, 0x7F, 0xE0, 0x4F, 0xF2, 0x00, 0x5F, 0xE0, 0x3F, 0xF4, 0x00, 0x6F, 0xE0, 0x0F, 0xFB, 0x01, 0xCF,
    0xE0, 0x09, 0xFF, 0xFF, 0xEF, 0xE0, 0x00, 0x9E, 0xF9, 0x7F, 0xE0, 0x00, 0x00, 0x00, 0x7F, 0xE0, 0x00, 0x00, 0x00, 0x8F,
    0xE0, 0x00, 0x00, 0x00, 0x8F, 0xE0, 0x00, 0x00, 0x00, 0x8F, 0xE0, 0x0C, 0xF3, 0x7E, 0xD0, 0x0C, 0xFD, 0xFF, 0xC0, 0x0C,
    0xFF, 0x60, 0x00, 0x0C, 0xFC, 0x00, 0x00, 0x0C, 0xFA, 0x00, 0x00, 0x0C, 0xFA, 0x00, 0x00, 0x0C, 0xFA, 0x00, 0x00, 0x0C,
    0xFA, 0x00, 0x00, 0x0C, 0xFA, 0x00, 0x00, 0x03, 0xBE, 0xFD, 0x80, 0x1F, 0xFF, 0xFF, 0xE0, 0x3F, 0xF3, 0x03, 0x40, 0x0E,
    0xFE, 0x71, 0x00, 0x02, 0xBF, 0xFF, 0x60, 0x00, 0x02, 0xAF, 0xF2, 0x25, 0x10, 0x2F, 0xF4, 0x4F, 0xFF, 0xFF, 0xE1, 0x2B,
    0xEF, 0xEB, 0x30, 0x00, 0xCE, 0x00, 0x00, 0x02, 0xFE, 0x00, 0x00, 0x3D, 0xFF, 0xFF, 0x50, 0x9F, 0xFF, 0xFF, 0x50, 0x08,
    0xFE, 0x00, 0x00, 0x08, 0xFE, 0x00, 0x00, 0x08, 0xFE, 0x00, 0x00, 0x08, 0xFE, 0x00, 0x00, 0x07, 0xFF, 0x10, 0x00, 0x04,
    0xFF, 0xFF, 0x70, 0x00, 0x8D, 0xFD, 0x40, 0x0C, 0xF9, 0x00, 0x2F, 0xF4, 0x00, 0x0C, 0xF9, 0x00, 0x2F, 0xF4, 0x00, 0x0C,
    0xF9, 0x00, 0x2F, 0xF4, 0x00, 0x0C, 0xF9, 0x00, 0x2F, 0xF4, 0x00, 0x0C, 0xF9, 0x00, 0x2F, 0xF4, 0x00, 0x0C, 0xF9, 0x00,
    0x4F, 0xF4, 0x00, 0x0B, 0xFD, 0x00, 0xAF, 0xF4, 0x00, 0x06, 0xFF, 0xED, 0xFF, 0xF4, 0x00, 0x00, 0x7E, 0xFD, 0x5B, 0xF4,
    0x00, 0xDF, 0xA0, 0x00, 0x8F, 0xE0, 0x7F, 0xF0, 0x00, 0xEF, 0x80, 0x1F, 0xF4, 0x03, 0xFF, 0x20, 0x0B, 0xFA, 0x08, 0xFD,
    0x00, 0x05, 0xFF, 0x0D, 0xF7, 0x00, 0x00, 0xEF, 0x6F, 0xF1, 0x00, 0x00, 0x9F, 0xCF, 0xB0, 0x00, 0x00, 0x3F, 0xFF, 0x50,
    0x00, 0x00, 0x0D, 0xFE, 0x00, 0x00, 0xBF, 0xA0, 0x09, 0xFF, 0x40, 0x0E, 0xF6, 0x6F, 0xE0, 0x0D, 0xFF, 0x80, 0x3F, 0xF1,
    0x2F, 0xF2, 0x1F, 0xBF, 0xC0, 0x7F, 0xD0, 0x0E, 0xF6, 0x5F, 0x7C, 0xF0, 0xBF, 0x80, 0x09, 0xFA, 0x8F, 0x38, 0xF3, 0xFF,
    0x40, 0x05, 0xFC, 0xBF, 0x05, 0xF8, 0xFF, 0x00, 0x01, 0xFF, 0xEC, 0x01, 0xFD, 0xFB, 0x00, 0x00, 0xCF, 0xF8, 0x00, 0xEF,
    0xF7, 0x00, 0x00, 0x7F, 0xF5, 0x00, 0xAF, 0xF2, 0x00, 0x7F, 0xF3, 0x00, 0xEF, 0xB0, 0x0C, 0xFC, 0x08, 0xFF, 0x10, 0x03,
    0xFF, 0x8F, 0xF6, 0x00, 0x00, 0x8F, 0xFF, 0xC0, 0x00, 0x00, 0x1F, 0xFF, 0x50, 0x00, 0x00, 0xAF, 0xFF, 0xD0, 0x00, 0x04,
    0xFF, 0x6F, 0xF8, 0x00, 0x0E, 0xFA, 0x07, 0xFF, 0x30, 0x9F, 0xF1, 0x00, 0xDF, 0xD0, 0xCF, 0xC0, 0x00, 0x9F, 0xE0, 0x6F,
    0xF1, 0x00, 0xEF, 0x80, 0x1F, 0xF6, 0x03, 0xFF, 0x30, 0x0A, 0xFB, 0x08, 0xFD, 0x00, 0x04, 0xFF, 0x0D, 0xF7, 0x00, 0x00,
    0xEF, 0x8F, 0xF1, 0x00, 0x00, 0x8F, 0xEF, 0xB0, 0x00, 0x00, 0x2F, 0xFF, 0x60, 0x00, 0x00, 0x0B, 0xFF, 0x00, 0x00, 0x00,
    0x0B, 0xFA, 0x00, 0x00, 0x00, 0x5F, 0xF3, 0x00, 0x00, 0x7F, 0xFF, 0xA0, 0x00, 0x00, 0x6F, 0xE8, 0x00, 0x00, 0x00, 0x5F,
    0xFF, 0xFF, 0xF3, 0x4F, 0xFF, 0xFF, 0xF2, 0x00, 0x00, 0xDF, 0x90, 0x00, 0x0A, 0xFC, 0x00, 0x00, 0x6F, 0xF2, 0x00, 0x02,
    0xFF, 0x60, 0x00, 0x0C, 0xFA, 0x00, 0x00, 0x7F, 0xFF, 0xFF, 0xF4, 0x9F, 0xFF, 0xFF, 0xF5, 0x00, 0x2B, 0xEA, 0x00, 0xAF,
    0xFA, 0x00, 0xCF, 0x70, 0x00, 0xCF, 0x40, 0x00, 0xCF, 0x40, 0x03, 0xFF, 0x30, 0xBF, 0xF9, 0x00, 0xCF, 0xE9, 0x00, 0x04,
    0xFF, 0x30, 0x00, 0xCF, 0x40, 0x00, 0xCF, 0x40, 0x00, 0xCF, 0x70, 0x00, 0xAF, 0xFA, 0x00, 0x2B, 0xEA, 0x00, 0x07, 0xF4,
    0x00, 0x00, 0x00, 0x07, 0xF4, 0x00, 0x00, 0x00, 0x07, 0xF4, 0x00, 0x00, 0x00, 0x07, 0xF4, 0x00, 0x00, 0x00, 0x07, 0xF4,
    0x00, 0x00, 0x00, 0x07, 0xF4, 0x00, 0x00, 0x00, 0x07, 0xF4, 0x00, 0x00, 0x00, 0x07, 0xF4, 0x00, 0x00, 0x00, 0x07, 0xF4,
    0x00, 0x00, 0x00, 0x07, 0xF4, 0x00, 0x00, 0x00, 0x07, 0xF4, 0x00, 0x00, 0x00, 0x07, 0xF4, 0x00, 0x00, 0x00, 0x07, 0xF4,
    0x00, 0x00, 0x00, 0x07, 0xF4, 0x00, 0x00, 0x00, 0x07, 0xF4, 0x00, 0x00, 0x00, 0x07, 0xF4, 0x00, 0x00, 0x5F, 0xC5, 0x00,
    0x00, 0x5F, 0xFF, 0x00, 0x00, 0x02, 0xFF, 0x00, 0x00, 0x00, 0xFF, 0x10, 0x00, 0x00, 0xFF, 0x10, 0x00, 0x00, 0xFF, 0x60,
    0x00, 0x00, 0x6E, 0xFF, 0x00, 0x00, 0x5D, 0xFF, 0x10, 0x00, 0xFF, 0x70, 0x00, 0x00, 0xFF, 0x10, 0x00, 0x00, 0xFF, 0x10,
    0x00, 0x02, 0xFF, 0x00, 0x00, 0x5F, 0xFF, 0x00, 0x00, 0x5F, 0xD5, 0x00, 0x00, 0x09, 0xED, 0x82, 0x03, 0x50, 0x5F, 0xFF,
    0xFF, 0xFF, 0x70, 0x46, 0x03, 0x8E, 0xFB, 0x10, 0x00, 0x00, 0x00, 0x00, 0x00, 0x00, 0x00, 0x00, 0x00, 0x00, 0x00, 0x00,
    0x00, 0x00, 0x00, 0x00, 0x00, 0x00, 0x00, 0x00,
};

static const glyph_t font_body_glyphs[] = {
    { 0, 0, 0, 0, 0, 4 }, /*   */
    { 0, 5, 12, 0, 6, 5 }, /* ! */
    { 36, 8, 12, 0, 6, 8 }, /* " */
    { 84, 10, 12, 0, 6, 10 }, /* # */
    { 144, 9, 13, 0, 6, 9 }, /* $ */
    { 209, 14, 12, 0, 6, 14 }, /* % */
    { 293, 12, 12, 0, 6, 12 }, /* & */
    { 365, 4, 12, 0, 6, 4 }, /* ' */
    { 389, 5, 14, 0, 6, 5 }, /* ( */
    { 431, 5, 14, 0, 6, 5 }, /* ) */
    { 473, 9, 12, 0, 6, 9 }, /* 0x2A */
    { 533, 9, 10, 0, 8, 9 }, /* + */
    { 583, 5, 4, 0, 16, 5 }, /* , */
    { 595, 5, 5, 0, 13, 5 }, /* - */
    { 610, 5, 3, 0, 15, 5 }, /* . */
    { 619, 7, 12, 0, 6, 7 }, /* 0x2F */
    { 667, 9, 12, 0, 6, 9 }, /* 0 */
    { 727, 9, 12, 0, 6, 9 }, /* 1 */
    { 787, 9, 12, 0, 6, 9 }, /* 2 */
    { 847, 9, 12, 0, 6, 9 }, /* 3 */
    { 907, 9, 12, 0, 6, 9 }, /* 4 */
    { 967, 9, 12, 0, 6, 9 }, /* 5 */
    { 1027, 9, 12, 0, 6, 9 }, /* 6 */
    { 1087, 9, 12, 0, 6, 9 }, /* 7 */
    { 1147, 9, 12, 0, 6, 9 }, /* 8 */
    { 1207, 9, 12, 0, 6, 9 }, /* 9 */
    { 1267, 5, 9, 0, 9, 5 }, /* : */
    { 1294, 5, 11, 0, 9, 5 }, /* ; */
    { 1327, 9, 10, 0, 8, 9 }, /* < */
    { 1377, 9, 8, 0, 10, 9 }, /* = */
    { 1417, 9, 10, 0, 8, 9 }, /* > */
    { 1467, 8, 12, 0, 6, 8 }, /* ? */
    { 1515, 14, 14, 0, 6, 14 }, /* @ */
    { 1613, 12, 12, 0, 6, 11 }, /* A */
    { 1685, 11, 12, 0, 6, 11 }, /* B */
    { 1757, 10, 12, 0, 6, 10 }, /* C */
    { 1817, 12, 12, 0, 6, 12 }, /* D */
    { 1889, 9, 12, 0, 6, 9 }, /* E */
    { 1949, 9, 12, 0, 6, 9 }, /* F */
    { 2009, 12, 12, 0, 6, 12 }, /* G */
    { 2081, 12, 12, 0, 6, 12 }, /* H */
    { 2153, 6, 12, 0, 6, 6 }, /* I */
    { 2189, 7, 15, -2, 6, 5 }, /* J */
    { 2249, 11, 12, 0, 6, 11 }, /* K */
    { 2321, 9, 12, 0, 6, 9 }, /* L */
    { 2381, 15, 12, 0, 6, 15 }, /* M */
    { 2477, 13, 12, 0, 6, 13 }, /* N */
    { 2561, 13, 12, 0, 6, 13 }, /* O */
    { 2645, 10, 12, 0, 6, 10 }, /* P */
    { 2705, 13, 15, 0, 6, 13 }, /* Q */
    { 2810, 11, 12, 0, 6, 11 }, /* R */
    { 2882, 9, 12, 0, 6, 9 }, /* S */
    { 2942, 9, 12, 0, 6, 9 }, /* T */
    { 3002, 12, 12, 0, 6, 12 }, /* U */
    { 3074, 11, 12, 0, 6, 10 }, /* V */
    { 3146, 16, 12, 0, 6, 15 }, /* W */
    { 3242, 11, 12, 0, 6, 11 }, /* X */
    { 3314, 10, 12, 0, 6, 10 }, /* Y */
    { 3374, 9, 12, 0, 6, 9 }, /* Z */
    { 3434, 5, 15, 0, 6, 5 }, /* [ */
    { 3479, 7, 12, 0, 6, 7 }, /* 0x5C */
    { 3527, 5, 15, 0, 6, 5 }, /* ] */
    { 3572, 9, 12, 0, 6, 9 }, /* ^ */
    { 3632, 8, 3, -1, 18, 7 }, /* _ */
    { 3644, 6, 13, 0, 5, 6 }, /* ` */
    { 3683, 10, 9, 0, 9, 10 }, /* a */
    { 3728, 10, 12, 0, 6, 10 }, /* b */
    { 3788, 8, 9, 0, 9, 8 }, /* c */
    { 3824, 10, 12, 0, 6, 10 }, /* d */
    { 3884, 9, 9, 0, 9, 9 }, /* e */
    { 3929, 7, 12, 0, 6, 6 }, /* f */
    { 3977, 10, 13, 0, 9, 10 }, /* g */
    { 4042, 11, 12, 0, 6, 11 }, /* h */
    { 4114, 5, 12, 0, 6, 5 }, /* i */
    { 4150, 7, 16, -2, 6, 5 }, /* j */
    { 4214, 10, 12, 0, 6, 10 }, /* k */
    { 4274, 5, 12, 0, 6, 5 }, /* l */
    { 4310, 16, 9, 0, 9, 16 }, /* m */
    { 4382, 11, 9, 0, 9, 11 }, /* n */
    { 4436, 10, 9, 0, 9, 10 }, /* o */
    { 4481, 10, 13, 0, 9, 10 }, /* p */
    { 4546, 10, 13, 0, 9, 10 }, /* q */
    { 4611, 7, 9, 0, 9, 7 }, /* r */
    { 4647, 8, 9, 0, 9, 8 }, /* s */
    { 4683, 7, 11, 0, 7, 7 }, /* t */
    { 4727, 11, 9, 0, 9, 11 }, /* u */
    { 4781, 10, 9, 0, 9, 9 }, /* v */
    { 4826, 14, 9, 0, 9, 14 }, /* w */
    { 4889, 10, 9, 0, 9, 9 }, /* x */
    { 4934, 10, 13, 0, 9, 9 }, /* y */
    { 4999, 8, 9, 0, 9, 8 }, /* z */
    { 5035, 6, 14, 0, 6, 6 }, /* { */
    { 5077, 9, 16, 0, 6, 9 }, /* | */
    { 5157, 7, 14, 0, 6, 6 }, /* } */
    { 5213, 9, 7, 0, 11, 9 }, /* ~ */
};

static const font_t font_body = {
    font_body_bitmap, font_body_glyphs, ' ', '~', 23, 18
};

static const uint8_t font_title_bitmap[10877] = {
    0x08, 0xFF, 0xF7, 0x00, 0x08, 0xFF, 0xF6, 0x00, 0x07, 0xFF, 0xF5, 0x00, 0x06, 0xFF, 0xF4, 0x00, 0x05, 0xFF, 0xF3, 0x00,
    0x04, 0xFF, 0xF2, 0x00, 0x03, 0xFF, 0xF1, 0x00, 0x02, 0xFF, 0xF1, 0x00, 0x01, 0xFF, 0xF0, 0x00, 0x01, 0xFF, 0xF0, 0x00,
    0x00, 0xFF, 0xE0, 0x00, 0x00, 0x00, 0x00, 0x00, 0x00, 0x00, 0x00, 0x00, 0x02, 0xCF, 0xB0, 0x00, 0x08, 0xFF, 0xF6, 0x00,
    0x08, 0xFF, 0xF6, 0x00, 0x01, 0xCF, 0xB0, 0x00, 0x06, 0xFF, 0xC0, 0x7F, 0xFB, 0x00, 0x05, 0xFF, 0xB0, 0x6F, 0xFA, 0x00,
    0x03, 0xFF, 0x90, 0x4F, 0xF8, 0x00, 0x02, 0xFF, 0x80, 0x3F, 0xF7, 0x00, 0x01, 0xFF, 0x70, 0x2F, 0xF6, 0x00, 0x00, 0xFF,
    0x60, 0x0F, 0xF5, 0x00, 0x00, 0x00, 0x00, 0x00, 0x00, 0x00, 0x00, 0x00, 0x00, 0x00, 0x00, 0x00, 0x00, 0x00, 0x00, 0x00,
    0x00, 0x00, 0x00, 0x00, 0x00, 0x00, 0x00, 0x00, 0x00, 0x00, 0x00, 0x00, 0x00, 0x00, 0x00, 0x00, 0x00, 0x00, 0x00, 0x00,
    0x00, 0x00, 0x00, 0x00, 0x00, 0x00, 0x00, 0x00, 0x00, 0x00, 0x00, 0x00, 0x00, 0x00, 0x00, 0x00, 0x00, 0x00, 0x00, 0x00,
    0x00, 0x00, 0x00, 0x00, 0x00, 0x00, 0x00, 0x00, 0x00, 0x00, 0x00, 0x00, 0x07, 0xFF, 0x20, 0x8F, 0xF0, 0x00, 0x00, 0x00,
    0x09, 0xFF, 0x00, 0xBF, 0xC0, 0x00, 0x00, 0x00, 0x0C, 0xFC, 0x00, 0xEF, 0x90, 0x00, 0x00, 0x00, 0x0F, 0xF9, 0x01, 0xFF,
    0x70, 0x00, 0x00, 0x00, 0x2F, 0xF6, 0x04, 0xFF, 0x40, 0x00, 0x0A, 0xFF, 0xFF, 0xFF, 0xFF, 0xFF, 0xFF, 0xF0, 0x0A, 0xFF,
    0xFF, 0xFF, 0xFF, 0xFF, 0xFF, 0xF0, 0x08, 0xDD, 0xFF, 0xFD, 0xDF, 0xFF, 0xDD, 0xC0, 0x00, 0x00, 0xDF, 0xA0, 0x0F, 0xF8,
    0x00, 0x00, 0x00, 0x01, 0xFF, 0x60, 0x4F, 0xF4, 0x00, 0x00, 0x7F, 0xFF, 0xFF, 0xFF, 0xFF, 0xFF, 0xFF, 0x30, 0x7F, 0xFF,
    0xFF, 0xFF, 0xFF, 0xFF, 0xFF, 0x30, 0x6D, 0xDF, 0xFF, 0xDD, 0xFF, 0xFD, 0xDD, 0x20, 0x00, 0x0D, 0xFB, 0x00, 0xFF, 0x80,
    0x00, 0x00, 0x00, 0x0F, 0xF7, 0x03, 0xFF, 0x50, 0x00, 0x00, 0x00, 0x3F, 0xF4, 0x07, 0xFF, 0x10, 0x00, 0x00, 0x00, 0x7F,
    0xF1, 0x0A, 0xFE, 0x00, 0x00, 0x00, 0x00, 0x00, 0x00, 0xEB, 0x00, 0x00, 0x00, 0x00, 0x00, 0x02, 0xFC, 0x31, 0x00, 0x00,
    0x00, 0x19, 0xFF, 0xFF, 0xFF, 0xE9, 0x20, 0x02, 0xEF, 0xFF, 0xFF, 0xFF, 0xFF, 0x30, 0x0B, 0xFF, 0xFC, 0xFE, 0xBE, 0xFD,
    0x00, 0x0F, 0xFF, 0xA0, 0xEB, 0x00, 0x33, 0x00, 0x0E, 0xFF, 0xD1, 0xEB, 0x00, 0x00, 0x00, 0x08, 0xFF, 0xFF, 0xFB, 0x00,
    0x00, 0x00, 0x00, 0xBF, 0xFF, 0xFF, 0xC5, 0x00, 0x00, 0x00, 0x06, 0xEF, 0xFF, 0xFF, 0xD3, 0x00, 0x00, 0x00, 0x04, 0xFF,
    0xFF, 0xFF, 0x20, 0x00, 0x00, 0x00, 0xEC, 0x9F, 0xFF, 0xA0, 0x01, 0x00, 0x00, 0xEB, 0x0C, 0xFF, 0xC0, 0x0E, 0xB6, 0x20,
    0xEB, 0x5F, 0xFF, 0xA0, 0x0F, 0xFF, 0xFF, 0xFF, 0xFF, 0xFF, 0x30, 0x0E, 0xFF, 0xFF, 0xFF, 0xFF, 0xF6, 0x00, 0x00, 0x49,
    0xBC, 0xFE, 0xA7, 0x10, 0x00, 0x00, 0x00, 0x00, 0xEB, 0x00, 0x00, 0x00, 0x00, 0x00, 0x00, 0xEB, 0x00, 0x00, 0x00, 0x00,
    0x5D, 0xFE, 0xA1, 0x00, 0x00, 0x02, 0xFF, 0xA0, 0x00, 0x00, 0x04, 0xFF, 0xFF, 0xFD, 0x00, 0x00, 0x0B, 0xFF, 0x20, 0x00,
    0x00, 0x0C, 0xFF, 0xEF, 0xFF, 0x60, 0x00, 0x4F, 0xF8, 0x00, 0x00, 0x00, 0x1F, 0xFF, 0x16, 0xFF, 0xA0, 0x00, 0xCF, 0xE0,
    0x00, 0x00, 0x00, 0x3F, 0xFC, 0x02, 0xFF, 0xD0, 0x06, 0xFF, 0x60, 0x00, 0x00, 0x00, 0x3F, 0xFB, 0x01, 0xFF, 0xD0, 0x0E,
    0xFD, 0x00, 0x00, 0x00, 0x00, 0x2F, 0xFC, 0x02, 0xFF, 0xC0, 0x8F, 0xF4, 0x3A, 0xCB, 0x70, 0x00, 0x0F, 0xFF, 0x28, 0xFF,
    0xA1, 0xFF, 0xB3, 0xFF, 0xFF, 0xFB, 0x00, 0x0A, 0xFF, 0xFF, 0xFF, 0x59, 0xFF, 0x3B, 0xFF, 0xFF, 0xFF, 0x40, 0x02, 0xEF,
    0xFF, 0xFB, 0x3F, 0xFA, 0x0F, 0xFF, 0x38, 0xFF, 0xA0, 0x00, 0x29, 0xCB, 0x70, 0xBF, 0xF1, 0x3F, 0xFC, 0x03, 0xFF, 0xC0,
    0x00, 0x00, 0x00, 0x04, 0xFF, 0x80, 0x3F, 0xFB, 0x01, 0xFF, 0xD0, 0x00, 0x00, 0x00, 0x0D, 0xFE, 0x00, 0x3F, 0xFB, 0x01,
    0xFF, 0xD0, 0x00, 0x00, 0x00, 0x6F, 0xF6, 0x00, 0x0F, 0xFD, 0x03, 0xFF, 0xA0, 0x00, 0x00, 0x00, 0xEF, 0xD0, 0x00, 0x0C,
    0xFF, 0x5A, 0xFF, 0x60, 0x00, 0x00, 0x08, 0xFF, 0x40, 0x00, 0x03, 0xFF, 0xFF, 0xFD, 0x00, 0x00, 0x00, 0x2F, 0xFB, 0x00,
    0x00, 0x00, 0x4C, 0xFE, 0xA1, 0x00, 0x00, 0x00, 0x5B, 0xEF, 0xEA, 0x40, 0x00, 0x00, 0x00, 0x00, 0x09, 0xFF, 0xFF, 0xFF,
    0xF6, 0x00, 0x00, 0x00, 0x00, 0x4F, 0xFF, 0xFD, 0xFF, 0xFF, 0x00, 0x00, 0x00, 0x00, 0x8F, 0xFE, 0x10, 0x4F, 0xFF, 0x30,
    0x00, 0x00, 0x00, 0x8F, 0xFC, 0x00, 0x2F, 0xFF, 0x10, 0x00, 0x00, 0x00, 0x4F, 0xFF, 0x31, 0xCF, 0xFC, 0x00, 0x00, 0x00,
    0x00, 0x0C, 0xFF, 0xEE, 0xFF, 0xE2, 0x00, 0x00, 0x00, 0x00, 0x02, 0xFF, 0xFF, 0xFD, 0x20, 0x00, 0x00, 0x00, 0x00, 0x3D,
    0xFF, 0xFF, 0xF2, 0x00, 0x09, 0xFF, 0xF2, 0x02, 0xEF, 0xFF, 0xEF, 0xFE, 0x20, 0x0E, 0xFF, 0xC0, 0x0A, 0xFF, 0xF5, 0x1D,
    0xFF, 0xE3, 0x6F, 0xFF, 0x50, 0x0E, 0xFF, 0xD0, 0x01, 0xDF, 0xFF, 0xEF, 0xFD, 0x00, 0x0F, 0xFF, 0xD0, 0x00, 0x1D, 0xFF,
    0xFF, 0xF3, 0x00, 0x0E, 0xFF, 0xF7, 0x00, 0x05, 0xFF, 0xFF, 0xA0, 0x00, 0x07, 0xFF, 0xFF, 0xFD, 0xFF, 0xFF, 0xFF, 0xF7,
    0x00, 0x00, 0x9F, 0xFF, 0xFF, 0xFF, 0xFF, 0xEF, 0xFF, 0x70, 0x00, 0x04, 0xAD, 0xFF, 0xEB, 0x60, 0x1D, 0xFF, 0xF7, 0x06,
    0xFF, 0xC0, 0x05, 0xFF, 0xB0, 0x03, 0xFF, 0x90, 0x02, 0xFF, 0x80, 0x01, 0xFF, 0x70, 0x00, 0xFF, 0x60, 0x00, 0x00, 0x00,
    0x00, 0x00, 0x00, 0x00, 0x00, 0x00, 0x00, 0x00, 0x00, 0x00, 0x00, 0x00, 0x00, 0x00, 0x00, 0x00, 0x00, 0x00, 0x00, 0x00,
    0x00, 0x00, 0x00, 0x00, 0x00, 0x00, 0x00, 0x00, 0x00, 0x00, 0x00, 0x00, 0xDF, 0xF2, 0x00, 0x09, 0xFF, 0x70, 0x00, 0x3F,
    0xFD, 0x00, 0x00, 0xAF, 0xF7, 0x00, 0x01, 0xFF, 0xF1, 0x00, 0x06, 0xFF, 0xB0, 0x00, 0x0A, 0xFF, 0x70, 0x00, 0x0D, 0xFF,
    0x40, 0x00, 0x0E, 0xFF, 0x30, 0x00, 0x0F, 0xFF, 0x10, 0x00, 0x0F, 0xFF, 0x10, 0x00, 0x0F, 0xFF, 0x30, 0x00, 0x0D, 0xFF,
    0x40, 0x00, 0x0A, 0xFF, 0x70, 0x00, 0x06, 0xFF, 0xB0, 0x00, 0x02, 0xFF, 0xF0, 0x00, 0x00, 0xBF, 0xF6, 0x00, 0x00, 0x4F,
    0xFD, 0x00, 0x00, 0x09, 0xFF, 0x60, 0x00, 0x00, 0xDF, 0xF1, 0x1E, 0xFE, 0x10, 0x00, 0x05, 0xFF, 0xB0, 0x00, 0x00, 0xCF,
    0xF5, 0x00, 0x00, 0x5F, 0xFC, 0x00, 0x00, 0x0E, 0xFF, 0x30, 0x00, 0x09, 0xFF, 0x80, 0x00, 0x05, 0xFF, 0xB0, 0x00, 0x02,
    0xFF, 0xF0, 0x00, 0x01, 0xFF, 0xF0, 0x00, 0x00, 0xFF, 0xF2, 0x00, 0x00, 0xFF, 0xF2, 0x00, 0x00, 0xFF, 0xF0, 0x00, 0x02,
    0xFF, 0xF0, 0x00, 0x05, 0xFF, 0xC0, 0x00, 0x09, 0xFF, 0x80, 0x00, 0x0D, 0xFF, 0x40, 0x00, 0x4F, 0xFD, 0x00, 0x00, 0xBF,
    0xF5, 0x00, 0x04, 0xFF, 0xB0, 0x00, 0x0E, 0xFE, 0x10, 0x00, 0x00, 0x00, 0x0F, 0xFF, 0x00, 0x00, 0x00, 0x00, 0x00, 0x0D,
    0xFE, 0x00, 0x00, 0x00, 0x00, 0x00, 0x0B, 0xFC, 0x00, 0x00, 0x00, 0x0C, 0xA5, 0x19, 0xFA, 0x15, 0x9D, 0x00, 0x0F, 0xFF,
    0xFF, 0xFF, 0xFF, 0xFF, 0x20, 0x2E, 0xFF, 0xFF, 0xFF, 0xFF, 0xFF, 0x40, 0x00, 0x01, 0xAF, 0xFF, 0xB1, 0x00, 0x00, 0x00,
    0x05, 0xFF, 0xCF, 0xF6, 0x00, 0x00, 0x00, 0x2F, 0xFE, 0x1E, 0xFF, 0x30, 0x00, 0x00, 0x9F, 0xF8, 0x06, 0xFF, 0xA0, 0x00,
    0x00, 0x03, 0xB1, 0x00, 0xB4, 0x00, 0x00, 0x00, 0x00, 0x00, 0x00, 0x00, 0x00, 0x00, 0x00, 0x00, 0x00, 0x00, 0x00, 0x00,
    0x00, 0x00, 0x00, 0x00, 0x00, 0x00, 0x00, 0x00, 0x00, 0x00, 0x00, 0x00, 0x00, 0x00, 0x00, 0x00, 0x00, 0x00, 0x00, 0x00,
    0x00, 0x00, 0x00, 0x00, 0x00, 0x00, 0x00, 0x00, 0x00, 0x00, 0x00, 0x00, 0x00, 0x00, 0x00, 0x00, 0x00, 0x00, 0x07, 0xFF,
    0x20, 0x00, 0x00, 0x00, 0x00, 0x07, 0xFF, 0x20, 0x00, 0x00, 0x00, 0x00, 0x07, 0xFF, 0x20, 0x00, 0x00, 0x00, 0x00, 0x07,
    0xFF, 0x20, 0x00, 0x00, 0x0F, 0xFF, 0xFF, 0xFF, 0xFF, 0xFF, 0xA0, 0x0F, 0xFF, 0xFF, 0xFF, 0xFF, 0xFF, 0xA0, 0x0C, 0xDD,
    0xDE, 0xFF, 0xDD, 0xDD, 0x80, 0x00, 0x00, 0x07, 0xFF, 0x20, 0x00, 0x00, 0x00, 0x00, 0x07, 0xFF, 0x20, 0x00, 0x00, 0x00,
    0x00, 0x07, 0xFF, 0x20, 0x00, 0x00, 0x00, 0x00, 0x07, 0xFF, 0x20, 0x00, 0x00, 0x00, 0x00, 0x00, 0x00, 0x00, 0x00, 0x00,
    0x00, 0x00, 0x00, 0x00, 0x00, 0x00, 0x00, 0x00, 0x00, 0x00, 0x00, 0x00, 0x00, 0x00, 0x02, 0xFF, 0xF4, 0x00, 0x05, 0xFF,
    0xF0, 0x00, 0x08, 0xFF, 0xB0, 0x00, 0x0B, 0xFF, 0x50, 0x00, 0x0E, 0xFE, 0x00, 0x00, 0x2F, 0xF8, 0x00, 0x00, 0x3D, 0xDD,
    0xDD, 0xD0, 0x4F, 0xFF, 0xFF, 0xF0, 0x4F, 0xFF, 0xFF, 0xF0, 0x00, 0x00, 0x00, 0x00, 0x00, 0x00, 0x00, 0x00, 0x00, 0x00,
    0x00, 0x00, 0x00, 0x00, 0x00, 0x00, 0x00, 0x00, 0x00, 0x00, 0x02, 0xCF, 0xB0, 0x00, 0x08, 0xFF, 0xF6, 0x00, 0x08, 0xFF,
    0xF6, 0x00, 0x01, 0xCF, 0xB0, 0x00, 0x00, 0x00, 0x00, 0xAF, 0xF9, 0x00, 0x00, 0x00, 0xFF, 0xF3, 0x00, 0x00, 0x06, 0xFF,
    0xD0, 0x00, 0x00, 0x0C, 0xFF, 0x70, 0x00, 0x00, 0x2F, 0xFF, 0x10, 0x00, 0x00, 0x8F, 0xFB, 0x00, 0x00, 0x00, 0xEF, 0xF5,
    0x00, 0x00, 0x04, 0xFF, 0xF0, 0x00, 0x00, 0x0A, 0xFF, 0x90, 0x00, 0x00, 0x0F, 0xFF, 0x30, 0x00, 0x00, 0x6F, 0xFD, 0x00,
    0x00, 0x00, 0xCF, 0xF7, 0x00, 0x00, 0x02, 0xFF, 0xF1, 0x00, 0x00, 0x08, 0xFF, 0xB0, 0x00, 0x00, 0x0E, 0xFF, 0x50, 0x00,
    0x00, 0x4F, 0xFE, 0x00, 0x00, 0x00, 0xAF, 0xF9, 0x00, 0x00, 0x00, 0x00, 0x02, 0x9D, 0xFE, 0xC6, 0x00, 0x00, 0x00, 0x2E,
    0xFF, 0xFF, 0xFF, 0xB0, 0x00, 0x00, 0xEF, 0xFF, 0xDE, 0xFF, 0xF7, 0x00, 0x05, 0xFF, 0xF6, 0x00, 0xBF, 0xFF, 0x00, 0x0A,
    0xFF, 0xE0, 0x00, 0x3F, 0xFF, 0x50, 0x0E, 0xFF, 0xA0, 0x00, 0x0F, 0xFF, 0x90, 0x0F, 0xFF, 0x80, 0x00, 0x0D, 0xFF, 0xB0,
    0x1F, 0xFF, 0x70, 0x00, 0x0C, 0xFF, 0xC0, 0x2F, 0xFF, 0x70, 0x00, 0x0C, 0xFF, 0xD0, 0x1F, 0xFF, 0x70, 0x00, 0x0C, 0xFF,
    0xC0, 0x0F, 0xFF, 0x80, 0x00, 0x0D, 0xFF, 0xB0, 0x0D, 0xFF, 0xA0, 0x00, 0x0F, 0xFF, 0x90, 0x0A, 0xFF, 0xE0, 0x00, 0x3F,
    0xFF, 0x50, 0x05, 0xFF, 0xF6, 0x00, 0xBF, 0xFF, 0x10, 0x00, 0xDF, 0xFF, 0xDE, 0xFF, 0xF9, 0x00, 0x00, 0x2E, 0xFF, 0xFF,
    0xFF, 0xC0, 0x00, 0x00, 0x01, 0x8D, 0xFF, 0xC7, 0x00, 0x00, 0x00, 0x00, 0x00, 0xAF, 0xFE, 0x00, 0x00, 0x00, 0x00, 0x2D,
    0xFF, 0xFE, 0x00, 0x00, 0x00, 0x04, 0xEF, 0xFF, 0xFE, 0x00, 0x00, 0x00, 0x7F, 0xFF, 0xFF, 0xFE, 0x00, 0x00, 0x05, 0xFF,
    0xFA, 0xAF, 0xFE, 0x00, 0x00, 0x00, 0xAF, 0x70, 0xAF, 0xFE, 0x00, 0x00, 0x00, 0x04, 0x00, 0xBF, 0xFE, 0x00, 0x00, 0x00,
    0x00, 0x00, 0xBF, 0xFE, 0x00, 0x00, 0x00, 0x00, 0x00, 0xBF, 0xFE, 0x00, 0x00, 0x00, 0x00, 0x00, 0xBF, 0xFE, 0x00, 0x00,
    0x00, 0x00, 0x00, 0xBF, 0xFE, 0x00, 0x00, 0x00, 0x00, 0x00, 0xBF, 0xFE, 0x00, 0x00, 0x00, 0x00, 0x00, 0xBF, 0xFE, 0x00,
    0x00, 0x00, 0x00, 0x00, 0xBF, 0xFE, 0x00, 0x00, 0x00, 0x00, 0x00, 0xBF, 0xFE, 0x00, 0x00, 0x00, 0x00, 0x00, 0xBF, 0xFE,
    0x00, 0x00, 0x00, 0x00, 0x00, 0xBF, 0xFE, 0x00, 0x00, 0x00, 0x05, 0xAE, 0xFF, 0xD8, 0x10, 0x00, 0x02, 0xCF, 0xFF, 0xFF,
    0xFF, 0xE3, 0x00, 0x0D, 0xFF, 0xFF, 0xDE, 0xFF, 0xFD, 0x00, 0x02, 0xFF, 0x81, 0x00, 0xAF, 0xFF, 0x40, 0x00, 0x43, 0x00,
    0x00, 0x3F, 0xFF, 0x60, 0x00, 0x00, 0x00, 0x00, 0x3F, 0xFF, 0x50, 0x00, 0x00, 0x00, 0x00, 0x8F, 0xFF, 0x20, 0x00, 0x00,
    0x00, 0x03, 0xFF, 0xFB, 0x00, 0x00, 0x00, 0x00, 0x1E, 0xFF, 0xF2, 0x00, 0x00, 0x00, 0x01, 0xDF, 0xFF, 0x50, 0x00, 0x00,
    0x00, 0x1D, 0xFF, 0xF5, 0x00, 0x00, 0x00, 0x01, 0xCF, 0xFF, 0x50, 0x00, 0x00, 0x00, 0x0C, 0xFF, 0xF5, 0x00, 0x00, 0x00,
    0x00, 0xCF, 0xFF, 0x40, 0x00, 0x00, 0x00, 0x0C, 0xFF, 0xFE, 0xDD, 0xDD, 0xDD, 0xC0, 0x0F, 0xFF, 0xFF, 0xFF, 0xFF, 0xFF,
    0xF0, 0x0F, 0xFF, 0xFF, 0xFF, 0xFF, 0xFF, 0xF0, 0x00, 0x39, 0xCE, 0xFF, 0xC8, 0x10, 0x00, 0x0A, 0xFF, 0xFF, 0xFF, 0xFF,
    0xF4, 0x00, 0x07, 0xFF, 0xFE, 0xDF, 0xFF, 0xFE, 0x00, 0x00, 0xC9, 0x20, 0x01, 0xBF, 0xFF, 0x30, 0x00, 0x00, 0x00, 0x00,
    0x5F, 0xFF, 0x30, 0x00, 0x00, 0x00, 0x00, 0x7F, 0xFF, 0x00, 0x00, 0x00, 0x00, 0x26, 0xFF, 0xF6, 0x00, 0x00, 0x07, 0xFF,
    0xFF, 0xFD, 0x40, 0x00, 0x00, 0x07, 0xFF, 0xFF, 0xE8, 0x30, 0x00, 0x00, 0x05, 0xDD, 0xEF, 0xFF, 0xFA, 0x00, 0x00, 0x00,
    0x00, 0x01, 0xAF, 0xFF, 0x60, 0x00, 0x00, 0x00, 0x00, 0x1F, 0xFF, 0xB0, 0x00, 0x00, 0x00, 0x00, 0x2F, 0xFF, 0xB0, 0x1A,
    0x50, 0x00, 0x01, 0xCF, 0xFF, 0x70, 0x1F, 0xFF, 0xED, 0xEF, 0xFF, 0xFE, 0x10, 0x1F, 0xFF, 0xFF, 0xFF, 0xFF, 0xE3, 0x00,
    0x04, 0x8C, 0xEF, 0xFE, 0xB6, 0x00, 0x00, 0x00, 0x00, 0x00, 0x06, 0xFF, 0xF4, 0x00, 0x00, 0x00, 0x00, 0x1F, 0xFF, 0xF4,
    0x00, 0x00, 0x00, 0x00, 0xBF, 0xFF, 0xF4, 0x00, 0x00, 0x00, 0x06, 0xFF, 0xFF, 0xF4, 0x00, 0x00, 0x00, 0x1F, 0xFD, 0xFF,
    0xF4, 0x00, 0x00, 0x00, 0xBF, 0xF6, 0xFF, 0xF4, 0x00, 0x00, 0x06, 0xFF, 0x93, 0xFF, 0xF4, 0x00, 0x00, 0x1F, 0xFD, 0x04,
    0xFF, 0xF4, 0x00, 0x00, 0xBF, 0xF4, 0x04, 0xFF, 0xF4, 0x00, 0x06, 0xFF, 0x90, 0x04, 0xFF, 0xF4, 0x00, 0x1F, 0xFE, 0x00,
    0x04, 0xFF, 0xF4, 0x00, 0x8F, 0xFF, 0xFF, 0xFF, 0xFF, 0xFF, 0xF5, 0x9F, 0xFF, 0xFF, 0xFF, 0xFF, 0xFF, 0xF5, 0x7D, 0xDD,
    0xDD, 0xDD, 0xFF, 0xFD, 0xD4, 0x00, 0x00, 0x00, 0x04, 0xFF, 0xF4, 0x00, 0x00, 0x00, 0x00, 0x04, 0xFF, 0xF4, 0x00, 0x00,
    0x00, 0x00, 0x04, 0xFF, 0xF4, 0x00, 0x00, 0xEF, 0xFF, 0xFF, 0xFF, 0xF7, 0x00, 0x00, 0xFF, 0xFF, 0xFF, 0xFF, 0xF7, 0x00,
    0x00, 0xFF, 0xFD, 0xDD, 0xDD, 0xD5, 0x00, 0x01, 0xFF, 0xF4, 0x00, 0x00, 0x00, 0x00, 0x02, 0xFF, 0xF2, 0x00, 0x00, 0x00,
    0x00, 0x04, 0xFF, 0xF1, 0x00, 0x00, 0x00, 0x00, 0x05, 0xFF, 0xFA, 0xCC, 0xA6, 0x00, 0x00, 0x06, 0xFF, 0xFF, 0xFF, 0xFF,
    0xD2, 0x00, 0x05, 0xFF, 0xFF, 0xFF, 0xFF, 0xFD, 0x00, 0x00, 0x24, 0x10, 0x15, 0xEF, 0xFF, 0x50, 0x00, 0x00, 0x00, 0x00,
    0x4F, 0xFF, 0x80, 0x00, 0x00, 0x00, 0x00, 0x1F, 0xFF, 0x90, 0x00, 0x00, 0x00, 0x00, 0x3F, 0xFF, 0x70, 0x09, 0x51, 0x00,
    0x02, 0xDF, 0xFF, 0x30, 0x0D, 0xFF, 0xED, 0xEF, 0xFF, 0xFA, 0x00, 0x0D, 0xFF, 0xFF, 0xFF, 0xFF, 0xB0, 0x00, 0x03, 0x9C,
    0xEF, 0xFD, 0xA4, 0x00, 0x00, 0x00, 0x00, 0x04, 0xAD, 0xEF, 0xFA, 0x00, 0x00, 0x02, 0xCF, 0xFF, 0xFF, 0xFB, 0x00, 0x00,
    0x2E, 0xFF, 0xFF, 0xED, 0xDB, 0x00, 0x00, 0xCF, 0xFF, 0x71, 0x00, 0x00, 0x00, 0x04, 0xFF, 0xF3, 0x00, 0x00, 0x00, 0x00,
    0x09, 0xFF, 0xA0, 0x00, 0x00, 0x00, 0x00, 0x0D, 0xFF, 0x63, 0xBE, 0xFC, 0x60, 0x00, 0x0F, 0xFF, 0x8F, 0xFF, 0xFF, 0xFA,
    0x00, 0x1F, 0xFF, 0xFF, 0xEE, 0xFF, 0xFF, 0x50, 0x2F, 0xFF, 0xF5, 0x00, 0x4F, 0xFF, 0xB0, 0x1F, 0xFF, 0x90, 0x00, 0x0B,
    0xFF, 0xE0, 0x0F, 0xFF, 0x70, 0x00, 0x09, 0xFF, 0xE0, 0x0C, 0xFF, 0xB0, 0x00, 0x0B, 0xFF, 0xD0, 0x06, 0xFF, 0xF6, 0x00,
    0x5F, 0xFF, 0x90, 0x00, 0xDF, 0xFF, 0xEE, 0xFF, 0xFF, 0x20, 0x00, 0x2D, 0xFF, 0xFF, 0xFF, 0xF4, 0x00, 0x00, 0x00, 0x7C,
    0xEF, 0xD9, 0x20, 0x00, 0x5F, 0xFF, 0xFF, 0xFF, 0xFF, 0xFF, 0xF0, 0x5F, 0xFF, 0xFF, 0xFF, 0xFF, 0xFF, 0xF0, 0x4D, 0xDD,
    0xDD, 0xDD, 0xDF, 0xFF, 0xC0, 0x00, 0x00, 0x00, 0x00, 0x3F, 0xFF, 0x50, 0x00, 0x00, 0x00, 0x00, 0xAF, 0xFE, 0x00, 0x00,
    0x00, 0x00, 0x02, 0xFF, 0xF7, 0x00, 0x00, 0x00, 0x00, 0x09, 0xFF, 0xF1, 0x00, 0x00, 0x00, 0x00, 0x1F, 0xFF, 0x90, 0x00,
    0x00, 0x00, 0x00, 0x7F, 0xFF, 0x20, 0x00, 0x00, 0x00, 0x00, 0xEF, 0xFB, 0x00, 0x00, 0x00, 0x00, 0x06, 0xFF, 0xF4, 0x00,
    0x00, 0x00, 0x00, 0x0D, 0xFF, 0xD0, 0x00, 0x00, 0x00, 0x00, 0x4F, 0xFF, 0x60, 0x00, 0x00, 0x00, 0x00, 0xCF, 0xFE, 0x00,
    0x00, 0x00, 0x00, 0x03, 0xFF, 0xF8, 0x00, 0x00, 0x00, 0x00, 0x0A, 0xFF, 0xF1, 0x00, 0x00, 0x00, 0x00, 0x2F, 0xFF, 0xA0,
    0x00, 0x00, 0x00, 0x00, 0x03, 0xAD, 0xFF, 0xD8, 0x10, 0x00, 0x00, 0x8F, 0xFF, 0xFF, 0xFF, 0xF4, 0x00, 0x04, 0xFF, 0xFF,
    0xDE, 0xFF, 0xFE, 0x00, 0x08, 0xFF, 0xF3, 0x00, 0x8F, 0xFF, 0x40, 0x08, 0xFF, 0xD0, 0x00, 0x2F, 0xFF, 0x40, 0x05, 0xFF,
    0xF2, 0x00, 0x6F, 0xFF, 0x10, 0x00, 0xCF, 0xFF, 0x79, 0xFF, 0xF6, 0x00, 0x00, 0x1C, 0xFF, 0xFF, 0xFE, 0x50, 0x00, 0x00,
    0x06, 0xFF, 0xFF, 0xFB, 0x20, 0x00, 0x00, 0xBF, 0xFF, 0xBF, 0xFF, 0xF5, 0x00, 0x09, 0xFF, 0xE4, 0x01, 0xBF, 0xFF, 0x30,
    0x0F, 0xFF, 0x60, 0x00, 0x0B, 0xFF, 0xB0, 0x1F, 0xFF, 0x40, 0x00, 0x09, 0xFF, 0xD0, 0x0F, 0xFF, 0xB1, 0x00, 0x3E, 0xFF,
    0xB0, 0x0B, 0xFF, 0xFF, 0xDE, 0xFF, 0xFF, 0x50, 0x01, 0xDF, 0xFF, 0xFF, 0xFF, 0xF7, 0x00, 0x00, 0x06, 0xBE, 0xFF, 0xD9,
    0x30, 0x00, 0x00, 0x04, 0xBE, 0xFE, 0xB4, 0x00, 0x00, 0x00, 0x9F, 0xFF, 0xFF, 0xFF, 0xA0, 0x00, 0x06, 0xFF, 0xFF, 0xDF,
    0xFF, 0xF8, 0x00, 0x0D, 0xFF, 0xE2, 0x00, 0xAF, 0xFF, 0x20, 0x1F, 0xFF, 0x70, 0x00, 0x1F, 0xFF, 0x70, 0x3F, 0xFF, 0x40,
    0x00, 0x0C, 0xFF, 0xB0, 0x2F, 0xFF, 0x60, 0x00, 0x0D, 0xFF, 0xC0, 0x0F, 0xFF, 0xD1, 0x00, 0x9F, 0xFF, 0xD0, 0x0A, 0xFF,
    0xFF, 0xDF, 0xFF, 0xFF, 0xC0, 0x01, 0xEF, 0xFF, 0xFF, 0xEA, 0xFF, 0xA0, 0x00, 0x19, 0xEF, 0xEA, 0x2A, 0xFF, 0x80, 0x00,
    0x00, 0x00, 0x00, 0x0F, 0xFF, 0x50, 0x00, 0x00, 0x00, 0x00, 0x8F, 0xFF, 0x00, 0x00, 0x00, 0x00, 0x2A, 0xFF, 0xF7, 0x00,
    0x00, 0xFD, 0xDF, 0xFF, 0xFF, 0xB0, 0x00, 0x00, 0xFF, 0xFF, 0xFF, 0xF9, 0x00, 0x00, 0x00, 0xFF, 0xFE, 0xC8, 0x20, 0x00,
    0x00, 0x02, 0xCF, 0xB0, 0x00, 0x08, 0xFF, 0xF6, 0x00, 0x08, 0xFF, 0xF6, 0x00, 0x01, 0xCF, 0xB0, 0x00, 0x00, 0x00, 0x00,
    0x00, 0x00, 0x00, 0x00, 0x00, 0x00, 0x00, 0x00, 0x00, 0x00, 0x00, 0x00, 0x00, 0x00, 0x00, 0x00, 0x00, 0x02, 0xCF, 0xB0,
    0x00, 0x08, 0xFF, 0xF6, 0x00, 0x08, 0xFF, 0xF6, 0x00, 0x01, 0xCF, 0xB0, 0x00, 0x02, 0xCF, 0xB0, 0x00, 0x08, 0xFF, 0xF6,
    0x00, 0x08, 0xFF, 0xF6, 0x00, 0x01, 0xCF, 0xB0, 0x00, 0x00, 0x00, 0x00, 0x00, 0x00, 0x00, 0x00, 0x00, 0x00, 0x00, 0x00,
    0x00, 0x00, 0x00, 0x00, 0x00, 0x00, 0x00, 0x00, 0x00, 0x00, 0x00, 0x00, 0x00, 0x02, 0xFF, 0xF4, 0x00, 0x05, 0xFF, 0xF0,
    0x00, 0x08, 0xFF, 0xB0, 0x00, 0x0B, 0xFF, 0x50, 0x00, 0x0E, 0xFE, 0x00, 0x00, 0x2F, 0xF8, 0x00, 0x00, 0x00, 0x00, 0x00,
    0x00, 0x00, 0x06, 0x80, 0x00, 0x00, 0x00, 0x00, 0x06, 0xEF, 0xA0, 0x00, 0x00, 0x00, 0x06, 0xEF, 0xFF, 0xA0, 0x00, 0x00,
    0x06, 0xEF, 0xFF, 0xD5, 0x00, 0x00, 0x06, 0xEF, 0xFF, 0xC4, 0x00, 0x00, 0x06, 0xEF, 0xFF, 0xA3, 0x00, 0x00, 0x00, 0x0F,
    0xFF, 0xF4, 0x00, 0x00, 0x00, 0x00, 0x0A, 0xFF, 0xFF, 0xB4, 0x00, 0x00, 0x00, 0x00, 0x29, 0xFF, 0xFF, 0xE7, 0x10, 0x00,
    0x00, 0x00, 0x17, 0xEF, 0xFF, 0xFA, 0x30, 0x00, 0x00, 0x00, 0x05, 0xCF, 0xFF, 0xA0, 0x00, 0x00, 0x00, 0x00, 0x03, 0xAF,
    0xA0, 0x00, 0x00, 0x00, 0x00, 0x00, 0x01, 0x50, 0x00, 0x00, 0x00, 0x00, 0x00, 0x00, 0x00, 0x00, 0x00, 0x00, 0x00, 0x00,
    0x00, 0x00, 0x0F, 0xFF, 0xFF, 0xFF, 0xFF, 0xFF, 0xA0, 0x0F, 0xFF, 0xFF, 0xFF, 0xFF, 0xFF, 0xA0, 0x0C, 0xDD, 0xDD, 0xDD,
    0xDD, 0xDD, 0x80, 0x00, 0x00, 0x00, 0x00, 0x00, 0x00, 0x00, 0x0C, 0xDD, 0xDD, 0xDD, 0xDD, 0xDD, 0x80, 0x0F, 0xFF, 0xFF,
    0xFF, 0xFF, 0xFF, 0xA0, 0x0F, 0xFF, 0xFF, 0xFF, 0xFF, 0xFF, 0xA0, 0x00, 0x00, 0x00, 0x00, 0x00, 0x00, 0x00, 0x00, 0x00,
    0x00, 0x00, 0x00, 0x00, 0x00, 0x00, 0x00, 0x00, 0x00, 0x00, 0x00, 0x00, 0x00, 0x00, 0x00, 0x00, 0x00, 0x00, 0x00, 0x00,
    0x00, 0x00, 0x00, 0x00, 0x00, 0x00, 0x0B, 0x40, 0x00, 0x00, 0x00, 0x00, 0x00, 0x0F, 0xFC, 0x40, 0x00, 0x00, 0x00, 0x00,
    0x0E, 0xFF, 0xFC, 0x40, 0x00, 0x00, 0x00, 0x01, 0x7E, 0xFF, 0xFC, 0x40, 0x00, 0x00, 0x00, 0x00, 0x6D, 0xFF, 0xFC, 0x40,
    0x00, 0x00, 0x00, 0x00, 0x5C, 0xFF, 0xFC, 0x30, 0x00, 0x00, 0x00, 0x00, 0x8F, 0xFF, 0xA0, 0x00, 0x00, 0x00, 0x6D, 0xFF,
    0xFF, 0x60, 0x00, 0x03, 0x9F, 0xFF, 0xFD, 0x70, 0x00, 0x05, 0xCF, 0xFF, 0xFC, 0x50, 0x00, 0x00, 0x0F, 0xFF, 0xFA, 0x30,
    0x00, 0x00, 0x00, 0x0F, 0xE8, 0x10, 0x00, 0x00, 0x00, 0x00, 0x06, 0x00, 0x00, 0x00, 0x00, 0x00, 0x00, 0x00, 0x00, 0x00,
    0x00, 0x00, 0x00, 0x00, 0x00, 0x00, 0x00, 0x00, 0x00, 0x00, 0x00, 0x02, 0x8C, 0xEF, 0xFC, 0x60, 0x00, 0x9F, 0xFF, 0xFF,
    0xFF, 0xFC, 0x00, 0x6F, 0xFF, 0xED, 0xFF, 0xFF, 0x80, 0x0C, 0x71, 0x00, 0x0C, 0xFF, 0xD0, 0x00, 0x00, 0x00, 0x09, 0xFF,
    0xD0, 0x00, 0x00, 0x00, 0x1E, 0xFF, 0x90, 0x00, 0x00, 0x03, 0xEF, 0xFE, 0x10, 0x00, 0x00, 0x6F, 0xFF, 0xC1, 0x00, 0x00,
    0x04, 0xFF, 0xF9, 0x00, 0x00, 0x00, 0x0A, 0xFF, 0x90, 0x00, 0x00, 0x00, 0x0C, 0xFF, 0x50, 0x00, 0x00, 0x00, 0x01, 0x11,
    0x00, 0x00, 0x00, 0x00, 0x00, 0x00, 0x00, 0x00, 0x00, 0x00, 0x07, 0xEE, 0x50, 0x00, 0x00, 0x00, 0x1F, 0xFF, 0xD0, 0x00,
    0x00, 0x00, 0x1F, 0xFF, 0xD0, 0x00, 0x00, 0x00, 0x07, 0xEE, 0x50, 0x00, 0x00, 0x00, 0x00, 0x00, 0x04, 0x9D, 0xEF, 0xEC,
    0x83, 0x00, 0x00, 0x00, 0x00, 0x00, 0x05, 0xDF, 0xFF, 0xFF, 0xFF, 0xFF, 0xB1, 0x00, 0x00, 0x00, 0x00, 0x9F, 0xFF, 0xA6,
    0x42, 0x47, 0xCF, 0xFE, 0x20, 0x00, 0x00, 0x09, 0xFF, 0xB1, 0x00, 0x00, 0x00, 0x06, 0xFF, 0xD0, 0x00, 0x00, 0x5F, 0xFA,
    0x00, 0x5B, 0xEF, 0xEC, 0xA3, 0x6F, 0xF8, 0x00, 0x00, 0xDF, 0xD0, 0x0B, 0xFF, 0xFF, 0xFF, 0xF7, 0x0C, 0xFE, 0x00, 0x03,
    0xFF, 0x60, 0x9F, 0xFB, 0x31, 0x5F, 0xF6, 0x07, 0xFF, 0x20, 0x08, 0xFF, 0x11, 0xFF, 0xC0, 0x00, 0x4F, 0xF5, 0x05, 0xFF,
    0x40, 0x0A, 0xFE, 0x04, 0xFF, 0x70, 0x00, 0x5F, 0xF4, 0x04, 0xFF, 0x40, 0x0C, 0xFD, 0x05, 0xFF, 0x50, 0x00, 0x7F, 0xF4,
    0x05, 0xFF, 0x30, 0x0C, 0xFD, 0x04, 0xFF, 0x70, 0x00, 0xCF, 0xF4, 0x08, 0xFF, 0x00, 0x0A, 0xFF, 0x00, 0xFF, 0xE4, 0x27,
    0xFF, 0xF8, 0x3F, 0xF9, 0x00, 0x06, 0xFF, 0x40, 0x6F, 0xFF, 0xFF, 0xFB, 0xFF, 0xFF, 0xE1, 0x00, 0x01, 0xFF, 0xC0, 0x04,
    0xCF, 0xFB, 0x30, 0x9F, 0xFA, 0x10, 0x00, 0x00, 0x7F, 0xFA, 0x00, 0x00, 0x00, 0x00, 0x00, 0x00, 0x00, 0x00, 0x00, 0x0A,
    0xFF, 0xE7, 0x31, 0x00, 0x24, 0x7B, 0x20, 0x00, 0x00, 0x00, 0x00, 0x7F, 0xFF, 0xFF, 0xFF, 0xFF, 0xFF, 0x30, 0x00, 0x00,
    0x00, 0x00, 0x01, 0x7C, 0xFF, 0xFF, 0xFE, 0xA6, 0x00, 0x00, 0x00, 0x00, 0x00, 0x00, 0x00, 0x00, 0x21, 0x00, 0x00, 0x00,
    0x00, 0x00, 0x00, 0x00, 0x02, 0xFF, 0xFF, 0xA0, 0x00, 0x00, 0x00, 0x00, 0x00, 0x07, 0xFF, 0xFF, 0xF0, 0x00, 0x00, 0x00,
    0x00, 0x00, 0x0D, 0xFF, 0xFF, 0xF6, 0x00, 0x00, 0x00, 0x00, 0x00, 0x3F, 0xFF, 0x8F, 0xFB, 0x00, 0x00, 0x00, 0x00, 0x00,
    0x8F, 0xFC, 0x3F, 0xFF, 0x10, 0x00, 0x00, 0x00, 0x00, 0xEF, 0xF7, 0x0E, 0xFF, 0x70, 0x00, 0x00, 0x00, 0x04, 0xFF, 0xF2,
    0x09, 0xFF, 0xC0, 0x00, 0x00, 0x00, 0x09, 0xFF, 0xD0, 0x04, 0xFF, 0xF2, 0x00, 0x00, 0x00, 0x0F, 0xFF, 0x80, 0x00, 0xEF,
    0xF8, 0x00, 0x00, 0x00, 0x5F, 0xFF, 0x30, 0x00, 0xAF, 0xFD, 0x00, 0x00, 0x00, 0xBF, 0xFF, 0xFF, 0xFF, 0xFF, 0xFF, 0x30,
    0x00, 0x01, 0xFF, 0xFF, 0xFF, 0xFF, 0xFF, 0xFF, 0x90, 0x00, 0x06, 0xFF, 0xFF, 0xFF, 0xFF, 0xFF, 0xFF, 0xE0, 0x00, 0x0C,
    0xFF, 0xF0, 0x00, 0x00, 0x07, 0xFF, 0xF4, 0x00, 0x1F, 0xFF, 0xA0, 0x00, 0x00, 0x02, 0xFF, 0xFA, 0x00, 0x7F, 0xFF, 0x50,
    0x00, 0x00, 0x00, 0xDF, 0xFF, 0x00, 0xDF, 0xFF, 0x10, 0x00, 0x00, 0x00, 0x8F, 0xFF, 0x60, 0x00, 0xDF, 0xFF, 0xFF, 0xFE,
    0xB7, 0x10, 0x00, 0x00, 0xDF, 0xFF, 0xFF, 0xFF, 0xFF, 0xF5, 0x00, 0x00, 0xDF, 0xFF, 0xDD, 0xEF, 0xFF, 0xFF, 0x10, 0x00,
    0xDF, 0xFC, 0x00, 0x01, 0xCF, 0xFF, 0x50, 0x00, 0xDF, 0xFC, 0x00, 0x00, 0x5F, 0xFF, 0x60, 0x00, 0xDF, 0xFC, 0x00, 0x00,
    0x6F, 0xFF, 0x40, 0x00, 0xDF, 0xFC, 0x00, 0x04, 0xEF, 0xFE, 0x00, 0x00, 0xDF, 0xFF, 0xFF, 0xFF, 0xFF, 0xE3, 0x00, 0x00,
    0xDF, 0xFF, 0xFF, 0xFF, 0xFF, 0x60, 0x00, 0x00, 0xDF, 0xFF, 0xDD, 0xDF, 0xFF, 0xFD, 0x10, 0x00, 0xDF, 0xFC, 0x00, 0x00,
    0x8F, 0xFF, 0x90, 0x00, 0xDF, 0xFC, 0x00, 0x00, 0x0F, 0xFF, 0xC0, 0x00, 0xDF, 0xFC, 0x00, 0x00, 0x0F, 0xFF, 0xD0, 0x00,
    0xDF, 0xFC, 0x00, 0x00, 0x9F, 0xFF, 0xA0, 0x00, 0xDF, 0xFF, 0xDD, 0xDF, 0xFF, 0xFF, 0x40, 0x00, 0xDF, 0xFF, 0xFF, 0xFF,
    0xFF, 0xF6, 0x00, 0x00, 0xDF, 0xFF, 0xFF, 0xFF, 0xD9, 0x20, 0x00, 0x00, 0x00, 0x02, 0x8C, 0xFF, 0xEC, 0x83, 0x00, 0x00,
    0x00, 0x7F, 0xFF, 0xFF, 0xFF, 0xFF, 0x40, 0x00, 0x09, 0xFF, 0xFF, 0xED, 0xFF, 0xFE, 0x00, 0x00, 0x4F, 0xFF, 0xE4, 0x00,
    0x04, 0xA7, 0x00, 0x00, 0xCF, 0xFF, 0x20, 0x00, 0x00, 0x00, 0x00, 0x02, 0xFF, 0xFA, 0x00, 0x00, 0x00, 0x00, 0x00, 0x06,
    0xFF, 0xF5, 0x00, 0x00, 0x00, 0x00, 0x00, 0x08, 0xFF, 0xF3, 0x00, 0x00, 0x00, 0x00, 0x00, 0x09, 0xFF, 0xF2, 0x00, 0x00,
    0x00, 0x00, 0x00, 0x08, 0xFF, 0xF3, 0x00, 0x00, 0x00, 0x00, 0x00, 0x07, 0xFF, 0xF5, 0x00, 0x00, 0x00, 0x00, 0x00, 0x03,
    0xFF, 0xF9, 0x00, 0x00, 0x00, 0x00, 0x00, 0x00, 0xEF, 0xFF, 0x10, 0x00, 0x00, 0x00, 0x00, 0x00, 0x7F, 0xFF, 0xD3, 0x00,
    0x01, 0x57, 0x00, 0x00, 0x0C, 0xFF, 0xFF, 0xED, 0xEF, 0xFC, 0x00, 0x00, 0x00, 0xBF, 0xFF, 0xFF, 0xFF, 0xFC, 0x00, 0x00,
    0x00, 0x05, 0xAE, 0xFF, 0xEC, 0x83, 0x00, 0x00, 0xDF, 0xFF, 0xFF, 0xED, 0x94, 0x00, 0x00, 0x00, 0x00, 0xDF, 0xFF, 0xFF,
    0xFF, 0xFF, 0xD3, 0x00, 0x00, 0x00, 0xDF, 0xFF, 0xDD, 0xEF, 0xFF, 0xFF, 0x40, 0x00, 0x00, 0xDF, 0xFC, 0x00, 0x01, 0x8F,
    0xFF, 0xE2, 0x00, 0x00, 0xDF, 0xFC, 0x00, 0x00, 0x06, 0xFF, 0xFA, 0x00, 0x00, 0xDF, 0xFC, 0x00, 0x00, 0x00, 0xEF, 0xFF,
    0x00, 0x00, 0xDF, 0xFC, 0x00, 0x00, 0x00, 0x9F, 0xFF, 0x30, 0x00, 0xDF, 0xFC, 0x00, 0x00, 0x00, 0x7F, 0xFF, 0x50, 0x00,
    0xDF, 0xFC, 0x00, 0x00, 0x00, 0x6F, 0xFF, 0x50, 0x00, 0xDF, 0xFC, 0x00, 0x00, 0x00, 0x7F, 0xFF, 0x40, 0x00, 0xDF, 0xFC,
    0x00, 0x00, 0x00, 0xAF, 0xFF, 0x20, 0x00, 0xDF, 0xFC, 0x00, 0x00, 0x00, 0xEF, 0xFE, 0x00, 0x00, 0xDF, 0xFC, 0x00, 0x00,
    0x08, 0xFF, 0xF8, 0x00, 0x00, 0xDF, 0xFC, 0x00, 0x02, 0xAF, 0xFF, 0xE1, 0x00, 0x00, 0xDF, 0xFF, 0xDD, 0xEF, 0xFF, 0xFF,
    0x30, 0x00, 0x00, 0xDF, 0xFF, 0xFF, 0xFF, 0xFF, 0xC2, 0x00, 0x00, 0x00, 0xDF, 0xFF, 0xFF, 0xEC, 0x83, 0x00, 0x00, 0x00,
    0x00, 0xDF, 0xFF, 0xFF, 0xFF, 0xFF, 0x00, 0x00, 0xDF, 0xFF, 0xFF, 0xFF, 0xFF, 0x00, 0x00, 0xDF, 0xFF, 0xDD, 0xDD, 0xDD,
    0x00, 0x00, 0xDF, 0xFC, 0x00, 0x00, 0x00, 0x00, 0x00, 0xDF, 0xFC, 0x00, 0x00, 0x00, 0x00, 0x00, 0xDF, 0xFC, 0x00, 0x00,
    0x00, 0x00, 0x00, 0xDF, 0xFC, 0x00, 0x00, 0x00, 0x00, 0x00, 0xDF, 0xFF, 0xFF, 0xFF, 0xF9, 0x00, 0x00, 0xDF, 0xFF, 0xFF,
    0xFF, 0xF9, 0x00, 0x00, 0xDF, 0xFF, 0xDD, 0xDD, 0xD7, 0x00, 0x00, 0xDF, 0xFC, 0x00, 0x00, 0x00, 0x00, 0x00, 0xDF, 0xFC,
    0x00, 0x00, 0x00, 0x00, 0x00, 0xDF, 0xFC, 0x00, 0x00, 0x00, 0x00, 0x00, 0xDF, 0xFC, 0x00, 0x00, 0x00, 0x00, 0x00, 0xDF,
    0xFF, 0xDD, 0xDD, 0xDD, 0x00, 0x00, 0xDF, 0xFF, 0xFF, 0xFF, 0xFF, 0x00, 0x00, 0xDF, 0xFF, 0xFF, 0xFF, 0xFF, 0x00, 0x00,
    0xDF, 0xFF, 0xFF, 0xFF, 0xFF, 0x00, 0x00, 0xDF, 0xFF, 0xFF, 0xFF, 0xFF, 0x00, 0x00, 0xDF, 0xFF, 0xDD, 0xDD, 0xDC, 0x00,
    0x00, 0xDF, 0xFB, 0x00, 0x00, 0x00, 0x00, 0x00, 0xDF, 0xFB, 0x00, 0x00, 0x00, 0x00, 0x00, 0xDF, 0xFB, 0x00, 0x00, 0x00,
    0x00, 0x00, 0xDF, 0xFB, 0x00, 0x00, 0x00, 0x00, 0x00, 0xDF, 0xFF, 0xDD, 0xDD, 0xD7, 0x00, 0x00, 0xDF, 0xFF, 0xFF, 0xFF,
    0xF8, 0x00, 0x00, 0xDF, 0xFF, 0xFF, 0xFF, 0xF8, 0x00, 0x00, 0xDF, 0xFB, 0x00, 0x00, 0x00, 0x00, 0x00, 0xDF, 0xFB, 0x00,
    0x00, 0x00, 0x00, 0x00, 0xDF, 0xFB, 0x00, 0x00, 0x00, 0x00, 0x00, 0xDF, 0xFB, 0x00, 0x00, 0x00, 0x00, 0x00, 0xDF, 0xFB,
    0x00, 0x00, 0x00, 0x00, 0x00, 0xDF, 0xFB, 0x00, 0x00, 0x00, 0x00, 0x00, 0xDF, 0xFB, 0x00, 0x00, 0x00, 0x00, 0x00, 0x00,
    0x00, 0x6A, 0xDF, 0xFE, 0xC9, 0x40, 0x00, 0x00, 0x00, 0x4E, 0xFF, 0xFF, 0xFF, 0xFF, 0xF3, 0x00, 0x00, 0x06, 0xFF, 0xFF,
    0xFE, 0xDE, 0xFF, 0xC0, 0x00, 0x00, 0x3F, 0xFF, 0xF9, 0x20, 0x00, 0x17, 0x40, 0x00, 0x00, 0xCF, 0xFF, 0x70, 0x00, 0x00,
    0x00, 0x00, 0x00, 0x02, 0xFF, 0xFC, 0x00, 0x00, 0x00, 0x00, 0x00, 0x00, 0x06, 0xFF, 0xF6, 0x00, 0x00, 0x00, 0x00, 0x00,
    0x00, 0x08, 0xFF, 0xF3, 0x00, 0x4D, 0xDD, 0xDD, 0xD5, 0x00, 0x09, 0xFF, 0xF2, 0x00, 0x5F, 0xFF, 0xFF, 0xF7, 0x00, 0x08,
    0xFF, 0xF3, 0x00, 0x5F, 0xFF, 0xFF, 0xF7, 0x00, 0x07, 0xFF, 0xF5, 0x00, 0x00, 0x01, 0xFF, 0xF7, 0x00, 0x03, 0xFF, 0xFA,
    0x00, 0x00, 0x01, 0xFF, 0xF7, 0x00, 0x00, 0xEF, 0xFF, 0x20, 0x00, 0x01, 0xFF, 0xF7, 0x00, 0x00, 0x7F, 0xFF, 0xE4, 0x00,
    0x01, 0xFF, 0xF7, 0x00, 0x00, 0x0C, 0xFF, 0xFF, 0xFD, 0xDF, 0xFF, 0xF7, 0x00, 0x00, 0x00, 0xAF, 0xFF, 0xFF, 0xFF, 0xFF,
    0xF7, 0x00, 0x00, 0x00, 0x03, 0x9D, 0xFF, 0xFE, 0xC9, 0x51, 0x00, 0x00, 0xDF, 0xFC, 0x00, 0x00, 0x00, 0x6F, 0xFF, 0x30,
    0x00, 0xDF, 0xFC, 0x00, 0x00, 0x00, 0x6F, 0xFF, 0x30, 0x00, 0xDF, 0xFC, 0x00, 0x00, 0x00, 0x6F, 0xFF, 0x30, 0x00, 0xDF,
    0xFC, 0x00, 0x00, 0x00, 0x6F, 0xFF, 0x30, 0x00, 0xDF, 0xFC, 0x00, 0x00, 0x00, 0x6F, 0xFF, 0x30, 0x00, 0xDF, 0xFC, 0x00,
    0x00, 0x00, 0x6F, 0xFF, 0x30, 0x00, 0xDF, 0xFC, 0x00, 0x00, 0x00, 0x6F, 0xFF, 0x30, 0x00, 0xDF, 0xFF, 0xFF, 0xFF, 0xFF,
    0xFF, 0xFF, 0x30, 0x00, 0xDF, 0xFF, 0xFF, 0xFF, 0xFF, 0xFF, 0xFF, 0x30, 0x00, 0xDF, 0xFF, 0xDD, 0xDD, 0xDD, 0xEF, 0xFF,
    0x30, 0x00, 0xDF, 0xFC, 0x00, 0x00, 0x00, 0x6F, 0xFF, 0x30, 0x00, 0xDF, 0xFC, 0x00, 0x00, 0x00, 0x6F, 0xFF, 0x30, 0x00,
    0xDF, 0xFC, 0x00, 0x00, 0x00, 0x6F, 0xFF, 0x30, 0x00, 0xDF, 0xFC, 0x00, 0x00, 0x00, 0x6F, 0xFF, 0x30, 0x00, 0xDF, 0xFC,
    0x00, 0x00, 0x00, 0x6F, 0xFF, 0x30, 0x00, 0xDF, 0xFC, 0x00, 0x00, 0x00, 0x6F, 0xFF, 0x30, 0x00, 0xDF, 0xFC, 0x00, 0x00,
    0x00, 0x6F, 0xFF, 0x30, 0x3F, 0xFF, 0xFF, 0xFF, 0x90, 0x3F, 0xFF, 0xFF, 0xFF, 0x90, 0x06, 0xDF, 0xFF, 0xF8, 0x10, 0x00,
    0x2F, 0xFF, 0x70, 0x00, 0x00, 0x2F, 0xFF, 0x70, 0x00, 0x00, 0x2F, 0xFF, 0x70, 0x00, 0x00, 0x2F, 0xFF, 0x70, 0x00, 0x00,
    0x2F, 0xFF, 0x70, 0x00, 0x00, 0x2F, 0xFF, 0x70, 0x00, 0x00, 0x2F, 0xFF, 0x70, 0x00, 0x00, 0x2F, 0xFF, 0x70, 0x00, 0x00,
    0x2F, 0xFF, 0x70, 0x00, 0x00, 0x2F, 0xFF, 0x70, 0x00, 0x00, 0x2F, 0xFF, 0x70, 0x00, 0x06, 0xDF, 0xFF, 0xF8, 0x10, 0x3F,
    0xFF, 0xFF, 0xFF, 0x90, 0x3F, 0xFF, 0xFF, 0xFF, 0x90, 0x00, 0x00, 0xDF, 0xFC, 0x00, 0x00, 0x00, 0xDF, 0xFC, 0x00, 0x00,
    0x00, 0xDF, 0xFC, 0x00, 0x00, 0x00, 0xDF, 0xFC, 0x00, 0x00, 0x00, 0xDF, 0xFC, 0x00, 0x00, 0x00, 0xDF, 0xFC, 0x00, 0x00,
    0x00, 0xDF, 0xFC, 0x00, 0x00, 0x00, 0xDF, 0xFC, 0x00, 0x00, 0x00, 0xDF, 0xFC, 0x00, 0x00, 0x00, 0xDF, 0xFC, 0x00, 0x00,
    0x00, 0xDF, 0xFC, 0x00, 0x00, 0x00, 0xDF, 0xFC, 0x00, 0x00, 0x00, 0xDF, 0xFC, 0x00, 0x00, 0x00, 0xDF, 0xFC, 0x00, 0x00,
    0x00, 0xDF, 0xFC, 0x00, 0x00, 0x00, 0xDF, 0xFC, 0x00, 0x00, 0x00, 0xEF, 0xFB, 0x00, 0x00, 0x00, 0xFF, 0xF9, 0x00, 0x10,
    0x1A, 0xFF, 0xF5, 0x00, 0xCF, 0xFF, 0xFF, 0xE0, 0x00, 0xCF, 0xFF, 0xFE, 0x30, 0x00, 0x8C, 0xCB, 0x71, 0x00, 0x00, 0x00,
    0xDF, 0xFC, 0x00, 0x00, 0x08, 0xFF, 0xF7, 0x00, 0xDF, 0xFC, 0x00, 0x00, 0x5F, 0xFF, 0xB0, 0x00, 0xDF, 0xFC, 0x00, 0x02,
    0xFF, 0xFD, 0x00, 0x00, 0xDF, 0xFC, 0x00, 0x1D, 0xFF, 0xF2, 0x00, 0x00, 0xDF, 0xFC, 0x00, 0xBF, 0xFF, 0x50, 0x00, 0x00,
    0xDF, 0xFC, 0x08, 0xFF, 0xF8, 0x00, 0x00, 0x00, 0xDF, 0xFC, 0x4F, 0xFF, 0xB0, 0x00, 0x00, 0x00, 0xDF, 0xFD, 0xEF, 0xFF,
    0x10, 0x00, 0x00, 0x00, 0xDF, 0xFF, 0xFF, 0xFF, 0x80, 0x00, 0x00, 0x00, 0xDF, 0xFF, 0xFF, 0xFF, 0xF2, 0x00, 0x00, 0x00,
    0xDF, 0xFF, 0x64, 0xFF, 0xFC, 0x00, 0x00, 0x00, 0xDF, 0xFC, 0x00, 0xAF, 0xFF, 0x60, 0x00, 0x00, 0xDF, 0xFC, 0x00, 0x1E,
    0xFF, 0xF1, 0x00, 0x00, 0xDF, 0xFC, 0x00, 0x06, 0xFF, 0xFB, 0x00, 0x00, 0xDF, 0xFC, 0x00, 0x00, 0xCF, 0xFF, 0x50, 0x00,
    0xDF, 0xFC, 0x00, 0x00, 0x2F, 0xFF, 0xE1, 0x00, 0xDF, 0xFC, 0x00, 0x00, 0x08, 0xFF, 0xF9, 0x00, 0xDF, 0xFC, 0x00, 0x00,
    0x00, 0x00, 0x00, 0xDF, 0xFC, 0x00, 0x00, 0x00, 0x00, 0x00, 0xDF, 0xFC, 0x00, 0x00, 0x00, 0x00, 0x00, 0xDF, 0xFC, 0x00,
    0x00, 0x00, 0x00, 0x00, 0xDF, 0xFC, 0x00, 0x00, 0x00, 0x00, 0x00, 0xDF, 0xFC, 0x00, 0x00, 0x00, 0x00, 0x00, 0xDF, 0xFC,
    0x00, 0x00, 0x00, 0x00, 0x00, 0xDF, 0xFC, 0x00, 0x00, 0x00, 0x00, 0x00, 0xDF, 0xFC, 0x00, 0x00, 0x00, 0x00, 0x00, 0xDF,
    0xFC, 0x00, 0x00, 0x00, 0x00, 0x00, 0xDF, 0xFC, 0x00, 0x00, 0x00, 0x00, 0x00, 0xDF, 0xFC, 0x00, 0x00, 0x00, 0x00, 0x00,
    0xDF, 0xFC, 0x00, 0x00, 0x00, 0x00, 0x00, 0xDF, 0xFC, 0x00, 0x00, 0x00, 0x00, 0x00, 0xDF, 0xFF, 0xFF, 0xFF, 0xFF, 0xB0,
    0x00, 0xDF, 0xFF, 0xFF, 0xFF, 0xFF, 0xC0, 0x00, 0xDF, 0xFF, 0xFF, 0xFF, 0xFF, 0xC0, 0x00, 0xDF, 0xFF, 0xF4, 0x00, 0x00,
    0x00, 0x0A, 0xFF, 0xFF, 0x70, 0x00, 0x00, 0xDF, 0xFF, 0xF9, 0x00, 0x00, 0x00, 0x0F, 0xFF, 0xFF, 0x70, 0x00, 0x00, 0xDF,
    0xFF, 0xFE, 0x00, 0x00, 0x00, 0x4F, 0xFF, 0xFF, 0x70, 0x00, 0x00, 0xDF, 0xFE, 0xFF, 0x30, 0x00, 0x00, 0xAF, 0xFF, 0xFF,
    0x70, 0x00, 0x00, 0xDF, 0xFA, 0xFF, 0x80, 0x00, 0x00, 0xEF, 0xEC, 0xFF, 0x70, 0x00, 0x00, 0xDF, 0xF6, 0xFF, 0xD0, 0x00,
    0x04, 0xFF, 0x9D, 0xFF, 0x70, 0x00, 0x00, 0xDF, 0xF5, 0xDF, 0xF2, 0x00, 0x09, 0xFF, 0x3D, 0xFF, 0x70, 0x00, 0x00, 0xDF,
    0xF5, 0x8F, 0xF7, 0x00, 0x0E, 0xFE, 0x0E, 0xFF, 0x70, 0x00, 0x00, 0xDF, 0xF6, 0x3F, 0xFC, 0x00, 0x4F, 0xF9, 0x0E, 0xFF,
    0x70, 0x00, 0x00, 0xDF, 0xF6, 0x0E, 0xFF, 0x10, 0x9F, 0xF3, 0x0E, 0xFF, 0x70, 0x00, 0x00, 0xDF, 0xF6, 0x09, 0xFF, 0x60,
    0xEF, 0xE0, 0x0E, 0xFF, 0x70, 0x00, 0x00, 0xDF, 0xF6, 0x04, 0xFF, 0xB4, 0xFF, 0x90, 0x0E, 0xFF, 0x70, 0x00, 0x00, 0xDF,
    0xF6, 0x00, 0xFF, 0xFA, 0xFF, 0x30, 0x0E, 0xFF, 0x70, 0x00, 0x00, 0xDF, 0xF6, 0x00, 0xAF, 0xFF, 0xFE, 0x00, 0x0E, 0xFF,
    0x70, 0x00, 0x00, 0xDF, 0xF6, 0x00, 0x5F, 0xFF, 0xF9, 0x00, 0x0E, 0xFF, 0x70, 0x00, 0x00, 0xDF, 0xF6, 0x00, 0x1F, 0xFF,
    0xF3, 0x00, 0x0E, 0xFF, 0x70, 0x00, 0x00, 0xDF, 0xF6, 0x00, 0x0B, 0xFF, 0xE0, 0x00, 0x0E, 0xFF, 0x70, 0x00, 0x00, 0xDF,
    0xFF, 0xF1, 0x00, 0x00, 0x00, 0xEF, 0xF5, 0x00, 0x00, 0xDF, 0xFF, 0xF9, 0x00, 0x00, 0x00, 0xEF, 0xF5, 0x00, 0x00, 0xDF,
    0xFF, 0xFF, 0x30, 0x00, 0x00, 0xEF, 0xF5, 0x00, 0x00, 0xDF, 0xFF, 0xFF, 0xC0, 0x00, 0x00, 0xEF, 0xF5, 0x00, 0x00, 0xDF,
    0xFB, 0xFF, 0xF5, 0x00, 0x00, 0xEF, 0xF5, 0x00, 0x00, 0xDF, 0xF4, 0xEF, 0xFE, 0x00, 0x00, 0xEF, 0xF5, 0x00, 0x00, 0xDF,
    0xF4, 0x5F, 0xFF, 0x80, 0x00, 0xEF, 0xF5, 0x00, 0x00, 0xDF, 0xF5, 0x0C, 0xFF, 0xF2, 0x00, 0xEF, 0xF5, 0x00, 0x00, 0xDF,
    0xF6, 0x03, 0xFF, 0xFB, 0x00, 0xEF, 0xF5, 0x00, 0x00, 0xDF, 0xF6, 0x00, 0x9F, 0xFF, 0x40, 0xDF, 0xF5, 0x00, 0x00, 0xDF,
    0xF6, 0x00, 0x1F, 0xFF, 0xD0, 0xCF, 0xF5, 0x00, 0x00, 0xDF, 0xF6, 0x00, 0x07, 0xFF, 0xF7, 0xCF, 0xF5, 0x00, 0x00, 0xDF,
    0xF6, 0x00, 0x00, 0xDF, 0xFF, 0xDF, 0xF5, 0x00, 0x00, 0xDF, 0xF6, 0x00, 0x00, 0x4F, 0xFF, 0xFF, 0xF5, 0x00, 0x00, 0xDF,
    0xF6, 0x00, 0x00, 0x0B, 0xFF, 0xFF, 0xF5, 0x00, 0x00, 0xDF, 0xF6, 0x00, 0x00, 0x02, 0xFF, 0xFF, 0xF5, 0x00, 0x00, 0xDF,
    0xF6, 0x00, 0x00, 0x00, 0x8F, 0xFF, 0xF5, 0x00, 0x00, 0x00, 0x03, 0x9D, 0xFF, 0xFD, 0x94, 0x00, 0x00, 0x00, 0x00, 0x00,
    0x9F, 0xFF, 0xFF, 0xFF, 0xFF, 0xA0, 0x00, 0x00, 0x00, 0x0B, 0xFF, 0xFF, 0xED, 0xEF, 0xFF, 0xFC, 0x00, 0x00, 0x00, 0x6F,
    0xFF, 0xE4, 0x00, 0x03, 0xDF, 0xFF, 0x70, 0x00, 0x00, 0xEF, 0xFF, 0x20, 0x00, 0x00, 0x1F, 0xFF, 0xF0, 0x00, 0x03, 0xFF,
    0xFA, 0x00, 0x00, 0x00, 0x09, 0xFF, 0xF4, 0x00, 0x06, 0xFF, 0xF6, 0x00, 0x00, 0x00, 0x04, 0xFF, 0xF8, 0x00, 0x08, 0xFF,
    0xF4, 0x00, 0x00, 0x00, 0x02, 0xFF, 0xFA, 0x00, 0x09, 0xFF, 0xF3, 0x00, 0x00, 0x00, 0x01, 0xFF, 0xFB, 0x00, 0x08, 0xFF,
    0xF4, 0x00, 0x00, 0x00, 0x02, 0xFF, 0xF9, 0x00, 0x06, 0xFF, 0xF6, 0x00, 0x00, 0x00, 0x04, 0xFF, 0xF8, 0x00, 0x03, 0xFF,
    0xFA, 0x00, 0x00, 0x00, 0x09, 0xFF, 0xF4, 0x00, 0x00, 0xEF, 0xFF, 0x20, 0x00, 0x00, 0x1F, 0xFF, 0xF0, 0x00, 0x00, 0x6F,
    0xFF, 0xE4, 0x00, 0x03, 0xDF, 0xFF, 0x70, 0x00, 0x00, 0x0B, 0xFF, 0xFF, 0xED, 0xEF, 0xFF, 0xFC, 0x00, 0x00, 0x00, 0x00,
    0x9F, 0xFF, 0xFF, 0xFF, 0xFF, 0xA0, 0x00, 0x00, 0x00, 0x00, 0x03, 0x9D, 0xFF, 0xFD, 0x94, 0x00, 0x00, 0x00, 0x00, 0xDF,
    0xFF, 0xFF, 0xFD, 0x93, 0x00, 0x00, 0x00, 0xDF, 0xFF, 0xFF, 0xFF, 0xFF, 0x70, 0x00, 0x00, 0xDF, 0xFF, 0xDD, 0xFF, 0xFF,
    0xF4, 0x00, 0x00, 0xDF, 0xFC, 0x00, 0x08, 0xFF, 0xFB, 0x00, 0x00, 0xDF, 0xFC, 0x00, 0x00, 0xDF, 0xFE, 0x00, 0x00, 0xDF,
    0xFC, 0x00, 0x00, 0xBF, 0xFF, 0x00, 0x00, 0xDF, 0xFC, 0x00, 0x00, 0xEF, 0xFD, 0x00, 0x00, 0xDF, 0xFC, 0x00, 0x19, 0xFF,
    0xF9, 0x00, 0x00, 0xDF, 0xFF, 0xDD, 0xFF, 0xFF, 0xF2, 0x00, 0x00, 0xDF, 0xFF, 0xFF, 0xFF, 0xFF, 0x40, 0x00, 0x00, 0xDF,
    0xFF, 0xFF, 0xFC, 0x81, 0x00, 0x00, 0x00, 0xDF, 0xFC, 0x00, 0x00, 0x00, 0x00, 0x00, 0x00, 0xDF, 0xFC, 0x00, 0x00, 0x00,
    0x00, 0x00, 0x00, 0xDF, 0xFC, 0x00, 0x00, 0x00, 0x00, 0x00, 0x00, 0xDF, 0xFC, 0x00, 0x00, 0x00, 0x00, 0x00, 0x00, 0xDF,
    0xFC, 0x00, 0x00, 0x00, 0x00, 0x00, 0x00, 0xDF, 0xFC, 0x00, 0x00, 0x00, 0x00, 0x00, 0x00, 0x00, 0x03, 0x9D, 0xFF, 0xFD,
    0x94, 0x00, 0x00, 0x00, 0x00, 0x00, 0x9F, 0xFF, 0xFF, 0xFF, 0xFF, 0xA0, 0x00, 0x00, 0x00, 0x0B, 0xFF, 0xFF, 0xED, 0xEF,
    0xFF, 0xFC, 0x00, 0x00, 0x00, 0x6F, 0xFF, 0xE4, 0x00, 0x03, 0xDF, 0xFF, 0x70, 0x00, 0x00, 0xEF, 0xFF, 0x20, 0x00, 0x00,
    0x1F, 0xFF, 0xF0, 0x00, 0x03, 0xFF, 0xFA, 0x00, 0x00, 0x00, 0x09, 0xFF, 0xF4, 0x00, 0x06, 0xFF, 0xF6, 0x00, 0x00, 0x00,
    0x04, 0xFF, 0xF8, 0x00, 0x08, 0xFF, 0xF4, 0x00, 0x00, 0x00, 0x02, 0xFF, 0xFA, 0x00, 0x09, 0xFF, 0xF3, 0x00, 0x00, 0x00,
    0x01, 0xFF, 0xFB, 0x00, 0x08, 0xFF, 0xF4, 0x00, 0x00, 0x00, 0x02, 0xFF, 0xFA, 0x00, 0x06, 0xFF, 0xF6, 0x00, 0x00, 0x00,
    0x04, 0xFF, 0xF8, 0x00, 0x03, 0xFF, 0xFA, 0x00, 0x00, 0x00, 0x09, 0xFF, 0xF5, 0x00, 0x00, 0xEF, 0xFF, 0x20, 0x00, 0x00,
    0x1F, 0xFF, 0xF1, 0x00, 0x00, 0x6F, 0xFF, 0xE4, 0x00, 0x03, 0xDF, 0xFF, 0x80, 0x00, 0x00, 0x0B, 0xFF, 0xFF, 0xED, 0xEF,
    0xFF, 0xFD, 0x00, 0x00, 0x00, 0x00, 0x9F, 0xFF, 0xFF, 0xFF, 0xFF, 0xB1, 0x00, 0x00, 0x00, 0x00, 0x03, 0x9D, 0xFF, 0xFF,
    0xFC, 0x00, 0x00, 0x00, 0x00, 0x00, 0x00, 0x00, 0x00, 0xBF, 0xFF, 0xA0, 0x00, 0x00, 0x00, 0x00, 0x00, 0x00, 0x00, 0x0C,
    0xFF, 0xFA, 0x00, 0x00, 0x00, 0x00, 0x00, 0x00, 0x00, 0x01, 0xDF, 0xFF, 0xA0, 0x00, 0x00, 0x00, 0x00, 0x00, 0x00, 0x00,
    0x27, 0x77, 0x72, 0x00, 0x00, 0xDF, 0xFF, 0xFF, 0xEC, 0x82, 0x00, 0x00, 0x00, 0xDF, 0xFF, 0xFF, 0xFF, 0xFF, 0x70, 0x00,
    0x00, 0xDF, 0xFF, 0xDD, 0xFF, 0xFF, 0xF4, 0x00, 0x00, 0xDF, 0xFC, 0x00, 0x08, 0xFF, 0xFB, 0x00, 0x00, 0xDF, 0xFC, 0x00,
    0x00, 0xDF, 0xFE, 0x00, 0x00, 0xDF, 0xFC, 0x00, 0x00, 0xBF, 0xFF, 0x00, 0x00, 0xDF, 0xFC, 0x00, 0x00, 0xEF, 0xFD, 0x00,
    0x00, 0xDF, 0xFC, 0x00, 0x3B, 0xFF, 0xF7, 0x00, 0x00, 0xDF, 0xFF, 0xFF, 0xFF, 0xFF, 0xC0, 0x00, 0x00, 0xDF, 0xFF, 0xFF,
    0xFF, 0xF8, 0x00, 0x00, 0x00, 0xDF, 0xFF, 0xDD, 0xFF, 0xF3, 0x00, 0x00, 0x00, 0xDF, 0xFC, 0x00, 0xCF, 0xFD, 0x00, 0x00,
    0x00, 0xDF, 0xFC, 0x00, 0x2F, 0xFF, 0x90, 0x00, 0x00, 0xDF, 0xFC, 0x00, 0x07, 0xFF, 0xF5, 0x00, 0x00, 0xDF, 0xFC, 0x00,
    0x00, 0xDF, 0xFE, 0x10, 0x00, 0xDF, 0xFC, 0x00, 0x00, 0x3F, 0xFF, 0xC0, 0x00, 0xDF, 0xFC, 0x00, 0x00, 0x08, 0xFF, 0xF7,
    0x00, 0x02, 0x9D, 0xFF, 0xEB, 0x72, 0x00, 0x00, 0x6F, 0xFF, 0xFF, 0xFF, 0xFF, 0x00, 0x02, 0xFF, 0xFF, 0xED, 0xFF, 0xF9,
    0x00, 0x08, 0xFF, 0xF4, 0x00, 0x05, 0xA2, 0x00, 0x0A, 0xFF, 0xE0, 0x00, 0x00, 0x00, 0x00, 0x0A, 0xFF, 0xF4, 0x00, 0x00,
    0x00, 0x00, 0x05, 0xFF, 0xFF, 0xA2, 0x00, 0x00, 0x00, 0x00, 0xAF, 0xFF, 0xFF, 0xA2, 0x00, 0x00, 0x00, 0x09, 0xFF, 0xFF,
    0xFF, 0x60, 0x00, 0x00, 0x00, 0x3C, 0xFF, 0xFF, 0xF6, 0x00, 0x00, 0x00, 0x00, 0x3C, 0xFF, 0xFE, 0x00, 0x00, 0x00, 0x00,
    0x00, 0xAF, 0xFF, 0x30, 0x00, 0x00, 0x00, 0x00, 0x5F, 0xFF, 0x30, 0x0D, 0xA4, 0x00, 0x00, 0xBF, 0xFF, 0x10, 0x0E, 0xFF,
    0xFD, 0xDF, 0xFF, 0xF9, 0x00, 0x0E, 0xFF, 0xFF, 0xFF, 0xFF, 0xB0, 0x00, 0x02, 0x7C, 0xDF, 0xFE, 0xA5, 0x00, 0x00, 0x8F,
    0xFF, 0xFF, 0xFF, 0xFF, 0xFF, 0xF6, 0x8F, 0xFF, 0xFF, 0xFF, 0xFF, 0xFF, 0xF6, 0x6D, 0xDD, 0xDF, 0xFF, 0xFD, 0xDD, 0xD5,
    0x00, 0x00, 0x0D, 0xFF, 0xC0, 0x00, 0x00, 0x00, 0x00, 0x0D, 0xFF, 0xC0, 0x00, 0x00, 0x00, 0x00, 0x0D, 0xFF, 0xC0, 0x00,
    0x00, 0x00, 0x00, 0x0D, 0xFF, 0xC0, 0x00, 0x00, 0x00, 0x00, 0x0D, 0xFF, 0xC0, 0x00, 0x00, 0x00, 0x00, 0x0D, 0xFF, 0xC0,
    0x00, 0x00, 0x00, 0x00, 0x0D, 0xFF, 0xC0, 0x00, 0x00, 0x00, 0x00, 0x0D, 0xFF, 0xC0, 0x00, 0x00, 0x00, 0x00, 0x0D, 0xFF,
    0xC0, 0x00, 0x00, 0x00, 0x00, 0x0D, 0xFF, 0xC0, 0x00, 0x00, 0x00, 0x00, 0x0D, 0xFF, 0xC0, 0x00, 0x00, 0x00, 0x00, 0x0D,
    0xFF, 0xC0, 0x00, 0x00, 0x00, 0x00, 0x0D, 0xFF, 0xC0, 0x00, 0x00, 0x00, 0x00, 0x0D, 0xFF, 0xC0, 0x00, 0x00, 0x00, 0xFF,
    0xFA, 0x00, 0x00, 0x00, 0x8F, 0xFF, 0x10, 0x00, 0xFF, 0xFA, 0x00, 0x00, 0x00, 0x8F, 0xFF, 0x10, 0x00, 0xFF, 0xFA, 0x00,
    0x00, 0x00, 0x8F, 0xFF, 0x10, 0x00, 0xFF, 0xFA, 0x00, 0x00, 0x00, 0x8F, 0xFF, 0x10, 0x00, 0xFF, 0xFA, 0x00, 0x00, 0x00,
    0x8F, 0xFF, 0x10, 0x00, 0xFF, 0xFA, 0x00, 0x00, 0x00, 0x8F, 0xFF, 0x10, 0x00, 0xFF, 0xFA, 0x00, 0x00, 0x00, 0x8F, 0xFF,
    0x10, 0x00, 0xFF, 0xFA, 0x00, 0x00, 0x00, 0x8F, 0xFF, 0x10, 0x00, 0xFF, 0xFA, 0x00, 0x00, 0x00, 0x8F, 0xFF, 0x10, 0x00,
    0xFF, 0xFA, 0x00, 0x00, 0x00, 0x8F, 0xFF, 0x10, 0x00, 0xFF, 0xFA, 0x00, 0x00, 0x00, 0x8F, 0xFF, 0x10, 0x00, 0xEF, 0xFC,
    0x00, 0x00, 0x00, 0xAF, 0xFF, 0x00, 0x00, 0xBF, 0xFF, 0x10, 0x00, 0x00, 0xEF, 0xFE, 0x00, 0x00, 0x6F, 0xFF, 0xD4, 0x00,
    0x3C, 0xFF, 0xF8, 0x00, 0x00, 0x0D, 0xFF, 0xFF, 0xFF, 0xFF, 0xFF, 0xD1, 0x00, 0x00, 0x01, 0xCF, 0xFF, 0xFF, 0xFF, 0xFC,
    0x20, 0x00, 0x00, 0x00, 0x05, 0xBE, 0xFF, 0xDB, 0x50, 0x00, 0x00, 0xDF, 0xFD, 0x00, 0x00, 0x00, 0x03, 0xFF, 0xF6, 0x7F,
    0xFF, 0x20, 0x00, 0x00, 0x08, 0xFF, 0xF1, 0x2F, 0xFF, 0x70, 0x00, 0x00, 0x0E, 0xFF, 0xB0, 0x0C, 0xFF, 0xC0, 0x00, 0x00,
    0x3F, 0xFF, 0x60, 0x07, 0xFF, 0xF1, 0x00, 0x00, 0x8F, 0xFF, 0x10, 0x01, 0xFF, 0xF6, 0x00, 0x00, 0xDF, 0xFB, 0x00, 0x00,
    0xCF, 0xFB, 0x00, 0x02, 0xFF, 0xF5, 0x00, 0x00, 0x7F, 0xFF, 0x10, 0x07, 0xFF, 0xF0, 0x00, 0x00, 0x1F, 0xFF, 0x50, 0x0C,
    0xFF, 0xA0, 0x00, 0x00, 0x0C, 0xFF, 0xB0, 0x1F, 0xFF, 0x50, 0x00, 0x00, 0x06, 0xFF, 0xF0, 0x6F, 0xFF, 0x00, 0x00, 0x00,
    0x01, 0xFF, 0xF4, 0xAF, 0xFA, 0x00, 0x00, 0x00, 0x00, 0xBF, 0xF8, 0xEF, 0xF4, 0x00, 0x00, 0x00, 0x00, 0x6F, 0xFD, 0xFF,
    0xF0, 0x00, 0x00, 0x00, 0x00, 0x1F, 0xFF, 0xFF, 0x90, 0x00, 0x00, 0x00, 0x00, 0x0B, 0xFF, 0xFF, 0x40, 0x00, 0x00, 0x00,
    0x00, 0x05, 0xFF, 0xFE, 0x00, 0x00, 0x00, 0xDF, 0xFB, 0x00, 0x00, 0x03, 0xFF, 0xF7, 0x00, 0x00, 0x07, 0xFF, 0xF1, 0x9F,
    0xFE, 0x00, 0x00, 0x08, 0xFF, 0xFB, 0x00, 0x00, 0x0B, 0xFF, 0xD0, 0x5F, 0xFF, 0x20, 0x00, 0x0C, 0xFF, 0xFF, 0x00, 0x00,
    0x0F, 0xFF, 0x80, 0x1F, 0xFF, 0x60, 0x00, 0x0F, 0xFF, 0xFF, 0x30, 0x00, 0x3F, 0xFF, 0x40, 0x0D, 0xFF, 0xA0, 0x00, 0x4F,
    0xFD, 0xFF, 0x70, 0x00, 0x6F, 0xFF, 0x00, 0x09, 0xFF, 0xD0, 0x00, 0x8F, 0xF8, 0xFF, 0xC0, 0x00, 0xAF, 0xFC, 0x00, 0x05,
    0xFF, 0xF1, 0x00, 0xDF, 0xF2, 0xFF, 0xF0, 0x00, 0xEF, 0xF8, 0x00, 0x01, 0xFF, 0xF5, 0x01, 0xFF, 0xE0, 0xBF, 0xF4, 0x02,
    0xFF, 0xF4, 0x00, 0x00, 0xDF, 0xF9, 0x05, 0xFF, 0xB0, 0x8F, 0xF8, 0x05, 0xFF, 0xF0, 0x00, 0x00, 0x8F, 0xFD, 0x09, 0xFF,
    0x60, 0x3F, 0xFC, 0x09, 0xFF, 0xC0, 0x00, 0x00, 0x4F, 0xFF, 0x0D, 0xFF, 0x20, 0x0F, 0xFF, 0x0D, 0xFF, 0x80, 0x00, 0x00,
    0x0F, 0xFF, 0x4F, 0xFE, 0x00, 0x0B, 0xFF, 0x4F, 0xFF, 0x40, 0x00, 0x00, 0x0C, 0xFF, 0x9F, 0xFA, 0x00, 0x07, 0xFF, 0x9F,
    0xFF, 0x00, 0x00, 0x00, 0x08, 0xFF, 0xEF, 0xF6, 0x00, 0x03, 0xFF, 0xEF, 0xFB, 0x00, 0x00, 0x00, 0x04, 0xFF, 0xFF, 0xF2,
    0x00, 0x00, 0xEF, 0xFF, 0xF7, 0x00, 0x00, 0x00, 0x00, 0xFF, 0xFF, 0xE0, 0x00, 0x00, 0xAF, 0xFF, 0xF3, 0x00, 0x00, 0x00,
    0x00, 0xCF, 0xFF, 0xA0, 0x00, 0x00, 0x6F, 0xFF, 0xF0, 0x00, 0x00, 0x5F, 0xFF, 0xA0, 0x00, 0x00, 0x09, 0xFF, 0xF4, 0x00,
    0x0A, 0xFF, 0xF4, 0x00, 0x00, 0x3F, 0xFF, 0xA0, 0x00, 0x01, 0xEF, 0xFD, 0x00, 0x00, 0xCF, 0xFE, 0x10, 0x00, 0x00, 0x6F,
    0xFF, 0x70, 0x06, 0xFF, 0xF5, 0x00, 0x00, 0x00, 0x0B, 0xFF, 0xF1, 0x0E, 0xFF, 0xB0, 0x00, 0x00, 0x00, 0x02, 0xFF, 0xFA,
    0x8F, 0xFF, 0x20, 0x00, 0x00, 0x00, 0x00, 0x7F, 0xFF, 0xFF, 0xF7, 0x00, 0x00, 0x00, 0x00, 0x00, 0x0C, 0xFF, 0xFF, 0xC0,
    0x00, 0x00, 0x00, 0x00, 0x00, 0x08, 0xFF, 0xFF, 0x60, 0x00, 0x00, 0x00, 0x00, 0x00, 0x2F, 0xFF, 0xFF, 0xD0, 0x00, 0x00,
    0x00, 0x00, 0x00, 0xCF, 0xFE, 0xFF, 0xF9, 0x00, 0x00, 0x00, 0x00, 0x06, 0xFF, 0xF4, 0x8F, 0xFF, 0x40, 0x00, 0x00, 0x00,
    0x1F, 0xFF, 0xA0, 0x0E, 0xFF, 0xE1, 0x00, 0x00, 0x00, 0xBF, 0xFF, 0x10, 0x05, 0xFF, 0xFA, 0x00, 0x00, 0x06, 0xFF, 0xF7,
    0x00, 0x00, 0xBF, 0xFF, 0x50, 0x00, 0x1E, 0xFF, 0xC0, 0x00, 0x00, 0x1F, 0xFF, 0xE1, 0x00, 0xAF, 0xFF, 0x30, 0x00, 0x00,
    0x07, 0xFF, 0xFA, 0x00, 0xBF, 0xFF, 0x30, 0x00, 0x00, 0x3F, 0xFF, 0xB0, 0x3F, 0xFF, 0xB0, 0x00, 0x00, 0xBF, 0xFF, 0x20,
    0x0A, 0xFF, 0xF3, 0x00, 0x03, 0xFF, 0xF9, 0x00, 0x02, 0xFF, 0xFB, 0x00, 0x0B, 0xFF, 0xF1, 0x00, 0x00, 0x9F, 0xFF, 0x30,
    0x3F, 0xFF, 0x80, 0x00, 0x00, 0x1F, 0xFF, 0xB0, 0xBF, 0xFE, 0x00, 0x00, 0x00, 0x07, 0xFF, 0xF6, 0xFF, 0xF6, 0x00, 0x00,
    0x00, 0x00, 0xEF, 0xFF, 0xFF, 0xD0, 0x00, 0x00, 0x00, 0x00, 0x6F, 0xFF, 0xFF, 0x40, 0x00, 0x00, 0x00, 0x00, 0x0D, 0xFF,
    0xFC, 0x00, 0x00, 0x00, 0x00, 0x00, 0x06, 0xFF, 0xF5, 0x00, 0x00, 0x00, 0x00, 0x00, 0x05, 0xFF, 0xF4, 0x00, 0x00, 0x00,
    0x00, 0x00, 0x05, 0xFF, 0xF4, 0x00, 0x00, 0x00, 0x00, 0x00, 0x05, 0xFF, 0xF4, 0x00, 0x00, 0x00, 0x00, 0x00, 0x05, 0xFF,
    0xF4, 0x00, 0x00, 0x00, 0x00, 0x00, 0x05, 0xFF, 0xF4, 0x00, 0x00, 0x00, 0x00, 0x00, 0x05, 0xFF, 0xF4, 0x00, 0x00, 0x00,
    0x3F, 0xFF, 0xFF, 0xFF, 0xFF, 0xFF, 0xF1, 0x3F, 0xFF, 0xFF, 0xFF, 0xFF, 0xFF, 0xF1, 0x2D, 0xDD, 0xDD, 0xDD, 0xDF, 0xFF,
    0xD0, 0x00, 0x00, 0x00, 0x00, 0xBF, 0xFF, 0x30, 0x00, 0x00, 0x00, 0x06, 0xFF, 0xF8, 0x00, 0x00, 0x00, 0x00, 0x1F, 0xFF,
    0xD0, 0x00, 0x00, 0x00, 0x00, 0xBF, 0xFF, 0x30, 0x00, 0x00, 0x00, 0x06, 0xFF, 0xF7, 0x00, 0x00, 0x00, 0x00, 0x2F, 0xFF,
    0xC0, 0x00, 0x00, 0x00, 0x00, 0xCF, 0xFF, 0x20, 0x00, 0x00, 0x00, 0x07, 0xFF, 0xF6, 0x00, 0x00, 0x00, 0x00, 0x2F, 0xFF,
    0xB0, 0x00, 0x00, 0x00, 0x00, 0xDF, 0xFE, 0x10, 0x00, 0x00, 0x00, 0x08, 0xFF, 0xF5, 0x00, 0x00, 0x00, 0x00, 0x3F, 0xFF,
    0xFD, 0xDD, 0xDD, 0xDD, 0xD4, 0x6F, 0xFF, 0xFF, 0xFF, 0xFF, 0xFF, 0xF5, 0x6F, 0xFF, 0xFF, 0xFF, 0xFF, 0xFF, 0xF5, 0x05,
    0xFF, 0xFF, 0xF5, 0x05, 0xFF, 0xFF, 0xF5, 0x05, 0xFF, 0xFD, 0xD4, 0x05, 0xFF, 0xB0, 0x00, 0x05, 0xFF, 0xB0, 0x00, 0x05,
    0xFF, 0xB0, 0x00, 0x05, 0xFF, 0xB0, 0x00, 0x05, 0xFF, 0xB0, 0x00, 0x05, 0xFF, 0xB0, 0x00, 0x05, 0xFF, 0xB0, 0x00, 0x05,
    0xFF, 0xB0, 0x00, 0x05, 0xFF, 0xB0, 0x00, 0x05, 0xFF, 0xB0, 0x00, 0x05, 0xFF, 0xB0, 0x00, 0x05, 0xFF, 0xB0, 0x00, 0x05,
    0xFF, 0xB0, 0x00, 0x05, 0xFF, 0xB0, 0x00, 0x05, 0xFF, 0xB0, 0x00, 0x05, 0xFF, 0xFD, 0xD4, 0x05, 0xFF, 0xFF, 0xF5, 0x05,
    0xFF, 0xFF, 0xF5, 0xAF, 0xF9, 0x00, 0x00, 0x00, 0x4F, 0xFE, 0x00, 0x00, 0x00, 0x0E, 0xFF, 0x50, 0x00, 0x00, 0x08, 0xFF,
    0xB0, 0x00, 0x00, 0x02, 0xFF, 0xF1, 0x00, 0x00, 0x00, 0xCF, 0xF7, 0x00, 0x00, 0x00, 0x6F, 0xFD, 0x00, 0x00, 0x00, 0x1F,
    0xFF, 0x30, 0x00, 0x00, 0x0A, 0xFF, 0x90, 0x00, 0x00, 0x04, 0xFF, 0xE0, 0x00, 0x00, 0x00, 0xEF, 0xF5, 0x00, 0x00, 0x00,
    0x8F, 0xFB, 0x00, 0x00, 0x00, 0x2F, 0xFF, 0x10, 0x00, 0x00, 0x0C, 0xFF, 0x70, 0x00, 0x00, 0x06, 0xFF, 0xD0, 0x00, 0x00,
    0x01, 0xFF, 0xF3, 0x00, 0x00, 0x00, 0xAF, 0xF9, 0x6F, 0xFF, 0xFF, 0x40, 0x6F, 0xFF, 0xFF, 0x40, 0x5D, 0xDF, 0xFF, 0x40,
    0x00, 0x0C, 0xFF, 0x40, 0x00, 0x0C, 0xFF, 0x40, 0x00, 0x0C, 0xFF, 0x40, 0x00, 0x0C, 0xFF, 0x40, 0x00, 0x0C, 0xFF, 0x40,
    0x00, 0x0C, 0xFF, 0x40, 0x00, 0x0C, 0xFF, 0x40, 0x00, 0x0C, 0xFF, 0x40, 0x00, 0x0C, 0xFF, 0x40, 0x00, 0x0C, 0xFF, 0x40,
    0x00, 0x0C, 0xFF, 0x40, 0x00, 0x0C, 0xFF, 0x40, 0x00, 0x0C, 0xFF, 0x40, 0x00, 0x0C, 0xFF, 0x40, 0x00, 0x0C, 0xFF, 0x40,
    0x5D, 0xDF, 0xFF, 0x40, 0x6F, 0xFF, 0xFF, 0x40, 0x6F, 0xFF, 0xFF, 0x40, 0x00, 0x00, 0x08, 0xFA, 0x00, 0x00, 0x00, 0x00,
    0x00, 0x1F, 0xFF, 0x20, 0x00, 0x00, 0x00, 0x00, 0x7F, 0xFF, 0xB0, 0x00, 0x00, 0x00, 0x00, 0xEF, 0xFF, 0xF3, 0x00, 0x00,
    0x00, 0x06, 0xFF, 0x4E, 0xFB, 0x00, 0x00, 0x00, 0x0D, 0xFC, 0x07, 0xFF, 0x40, 0x00, 0x00, 0x5F, 0xF5, 0x00, 0xEF, 0xC0,
    0x00, 0x00, 0xDF, 0xD0, 0x00, 0x6F, 0xF5, 0x00, 0x04, 0xFF, 0x60, 0x00, 0x0E, 0xFD, 0x00, 0x0C, 0xFE, 0x00, 0x00, 0x06,
    0xFF, 0x60, 0x3F, 0xF8, 0x00, 0x00, 0x00, 0xDF, 0xE0, 0x00, 0x00, 0x00, 0x00, 0x00, 0x00, 0x00, 0x00, 0x00, 0x00, 0x00,
    0x00, 0x00, 0x00, 0x00, 0x00, 0x00, 0x00, 0x00, 0x00, 0x00, 0x00, 0x00, 0x00, 0x00, 0x00, 0x00, 0x00, 0x00, 0x00, 0x00,
    0x00, 0x00, 0x00, 0x00, 0x00, 0x00, 0x00, 0x00, 0x00, 0x00, 0x00, 0x00, 0x00, 0x00, 0x00, 0x00, 0x00, 0x00, 0x00, 0x00,
    0x00, 0x00, 0x00, 0x0D, 0xDD, 0xDD, 0xDD, 0xDD, 0xC0, 0x0F, 0xFF, 0xFF, 0xFF, 0xFF, 0xE0, 0x07, 0x88, 0x71, 0x00, 0x00,
    0x03, 0xEF, 0xFB, 0x00, 0x00, 0x00, 0x1B, 0xFF, 0x90, 0x00, 0x00, 0x00, 0x7F, 0xF7, 0x00, 0x00, 0x00, 0x00, 0x00, 0x00,
    0x00, 0x00, 0x00, 0x00, 0x00, 0x00, 0x00, 0x00, 0x00, 0x00, 0x00, 0x00, 0x00, 0x00, 0x00, 0x00, 0x00, 0x00, 0x00, 0x00,
    0x00, 0x00, 0x00, 0x00, 0x00, 0x00, 0x00, 0x00, 0x00, 0x00, 0x00, 0x00, 0x00, 0x00, 0x00, 0x00, 0x00, 0x00, 0x00, 0x00,
    0x00, 0x00, 0x00, 0x00, 0x00, 0x00, 0x00, 0x00, 0x00, 0x00, 0x00, 0x00, 0x00, 0x00, 0x00, 0x00, 0x00, 0x00, 0x00, 0x00,
    0x00, 0x00, 0x00, 0x00, 0x00, 0x00, 0x03, 0x9D, 0xFF, 0xEB, 0x50, 0x00, 0x00, 0x00, 0x8F, 0xFF, 0xFF, 0xFF, 0xFA, 0x00,
    0x00, 0x00, 0x2F, 0xFF, 0xED, 0xFF, 0xFF, 0x40, 0x00, 0x00, 0x06, 0x40, 0x00, 0x4F, 0xFF, 0x90, 0x00, 0x00, 0x00, 0x00,
    0x00, 0x0E, 0xFF, 0xB0, 0x00, 0x00, 0x17, 0xCE, 0xFF, 0xFF, 0xFF, 0xB0, 0x00, 0x02, 0xEF, 0xFF, 0xFF, 0xFF, 0xFF, 0xB0,
    0x00, 0x0B, 0xFF, 0xF7, 0x10, 0x0D, 0xFF, 0xB0, 0x00, 0x0F, 0xFF, 0xC0, 0x00, 0x0F, 0xFF, 0xB0, 0x00, 0x0F, 0xFF, 0xD0,
    0x00, 0x9F, 0xFF, 0xB0, 0x00, 0x0C, 0xFF, 0xFF, 0xDF, 0xFF, 0xFF, 0xB0, 0x00, 0x04, 0xFF, 0xFF, 0xFF, 0xC5, 0xFF, 0xB0,
    0x00, 0x00, 0x3B, 0xEF, 0xD8, 0x00, 0xFF, 0xB0, 0x00, 0x02, 0xFF, 0xF7, 0x00, 0x00, 0x00, 0x00, 0x00, 0x02, 0xFF, 0xF7,
    0x00, 0x00, 0x00, 0x00, 0x00, 0x02, 0xFF, 0xF7, 0x00, 0x00, 0x00, 0x00, 0x00, 0x02, 0xFF, 0xF7, 0x00, 0x00, 0x00, 0x00,
    0x00, 0x02, 0xFF, 0xF7, 0x00, 0x00, 0x00, 0x00, 0x00, 0x02, 0xFF, 0xF6, 0x3B, 0xEF, 0xC6, 0x00, 0x00, 0x02, 0xFF, 0xF9,
    0xFF, 0xFF, 0xFF, 0x90, 0x00, 0x02, 0xFF, 0xFF, 0xFE, 0xEF, 0xFF, 0xF4, 0x00, 0x02, 0xFF, 0xFF, 0x40, 0x07, 0xFF, 0xFB,
    0x00, 0x02, 0xFF, 0xFB, 0x00, 0x00, 0xDF, 0xFE, 0x00, 0x02, 0xFF, 0xF8, 0x00, 0x00, 0xAF, 0xFF, 0x00, 0x02, 0xFF, 0xF7,
    0x00, 0x00, 0x8F, 0xFF, 0x10, 0x02, 0xFF, 0xF8, 0x00, 0x00, 0xAF, 0xFF, 0x00, 0x02, 0xFF, 0xFC, 0x00, 0x00, 0xDF, 0xFE,
    0x00, 0x02, 0xFF, 0xFF, 0x50, 0x07, 0xFF, 0xFA, 0x00, 0x02, 0xFF, 0xFF, 0xFE, 0xEF, 0xFF, 0xF4, 0x00, 0x02, 0xFF, 0xF4,
    0xFF, 0xFF, 0xFF, 0x80, 0x00, 0x02, 0xFF, 0xC0, 0x2B, 0xEF, 0xC5, 0x00, 0x00, 0x00, 0x00, 0x6B, 0xEF, 0xFC, 0x82, 0x00,
    0x2D, 0xFF, 0xFF, 0xFF, 0xF5, 0x00, 0xDF, 0xFF, 0xFD, 0xFF, 0xE0, 0x05, 0xFF, 0xFB, 0x00, 0x03, 0x40, 0x0B, 0xFF, 0xF1,
    0x00, 0x00, 0x00, 0x0D, 0xFF, 0xD0, 0x00, 0x00, 0x00, 0x0E, 0xFF, 0xC0, 0x00, 0x00, 0x00, 0x0D, 0xFF, 0xD0, 0x00, 0x00,
    0x00, 0x0B, 0xFF, 0xF1, 0x00, 0x00, 0x00, 0x07, 0xFF, 0xFB, 0x00, 0x01, 0x92, 0x01, 0xFF, 0xFF, 0xFD, 0xEF, 0xF3, 0x00,
    0x4F, 0xFF, 0xFF, 0xFF, 0xF3, 0x00, 0x01, 0x8D, 0xFF, 0xEC, 0x60, 0x00, 0x00, 0x00, 0x00, 0x04, 0xFF, 0xF5, 0x00, 0x00,
    0x00, 0x00, 0x00, 0x04, 0xFF, 0xF5, 0x00, 0x00, 0x00, 0x00, 0x00, 0x04, 0xFF, 0xF5, 0x00, 0x00, 0x00, 0x00, 0x00, 0x04,
    0xFF, 0xF5, 0x00, 0x00, 0x00, 0x00, 0x00, 0x03, 0xFF, 0xF5, 0x00, 0x00, 0x03, 0xBE, 0xFC, 0x62, 0xFF, 0xF5, 0x00, 0x00,
    0x5F, 0xFF, 0xFF, 0xFA, 0xFF, 0xF5, 0x00, 0x01, 0xFF, 0xFF, 0xFD, 0xFF, 0xFF, 0xF5, 0x00, 0x07, 0xFF, 0xFA, 0x00, 0x1C,
    0xFF, 0xF5, 0x00, 0x0B, 0xFF, 0xF1, 0x00, 0x05, 0xFF, 0xF5, 0x00, 0x0D, 0xFF, 0xC0, 0x00, 0x01, 0xFF, 0xF5, 0x00, 0x0E,
    0xFF, 0xB0, 0x00, 0x00, 0xFF, 0xF5, 0x00, 0x0D, 0xFF, 0xC0, 0x00, 0x01, 0xFF, 0xF5, 0x00, 0x0B, 0xFF, 0xF1, 0x00, 0x04,
    0xFF, 0xF5, 0x00, 0x08, 0xFF, 0xFA, 0x00, 0x1C, 0xFF, 0xF5, 0x00, 0x01, 0xFF, 0xFF, 0xFD, 0xFF, 0xFF, 0xF5, 0x00, 0x00,
    0x6F, 0xFF, 0xFF, 0xF6, 0xEF, 0xF5, 0x00, 0x00, 0x04, 0xBF, 0xFC, 0x40, 0x9F, 0xF5, 0x00, 0x00, 0x00, 0x6C, 0xEF, 0xEA,
    0x30, 0x00, 0x00, 0x2D, 0xFF, 0xFF, 0xFF, 0xF6, 0x00, 0x00, 0xCF, 0xFF, 0xED, 0xFF, 0xFF, 0x40, 0x05, 0xFF, 0xF8, 0x00,
    0x1C, 0xFF, 0xB0, 0x0A, 0xFF, 0xE0, 0x00, 0x04, 0xFF, 0xF0, 0x0D, 0xFF, 0xFF, 0xFF, 0xFF, 0xFF, 0xF1, 0x0E, 0xFF, 0xFF,
    0xFF, 0xFF, 0xFF, 0xF2, 0x0D, 0xFF, 0xFD, 0xDD, 0xDD, 0xDD, 0xD2, 0x0A, 0xFF, 0xE0, 0x00, 0x00, 0x00, 0x00, 0x05, 0xFF,
    0xF9, 0x10, 0x00, 0x05, 0x30, 0x00, 0xCF, 0xFF, 0xFD, 0xDE, 0xFF, 0x60, 0x00, 0x1C, 0xFF, 0xFF, 0xFF, 0xFF, 0x60, 0x00,
    0x00, 0x5A, 0xEF, 0xFE, 0xB5, 0x00, 0x00, 0x01, 0x8D, 0xFF, 0xDB, 0x20, 0x00, 0x0D, 0xFF, 0xFF, 0xFF, 0x10, 0x00, 0x5F,
    0xFF, 0xFD, 0xEA, 0x00, 0x00, 0x7F, 0xFF, 0x40, 0x00, 0x00, 0x00, 0x8F, 0xFF, 0x00, 0x00, 0x00, 0x08, 0xFF, 0xFF, 0xFF,
    0xF2, 0x00, 0x8F, 0xFF, 0xFF, 0xFF, 0xF2, 0x00, 0x6D, 0xEF, 0xFF, 0xDD, 0xD1, 0x00, 0x00, 0x8F, 0xFF, 0x00, 0x00, 0x00,
    0x00, 0x8F, 0xFF, 0x00, 0x00, 0x00, 0x00, 0x8F, 0xFF, 0x00, 0x00, 0x00, 0x00, 0x8F, 0xFF, 0x00, 0x00, 0x00, 0x00, 0x8F,
    0xFF, 0x00, 0x00, 0x00, 0x00, 0x8F, 0xFF, 0x00, 0x00, 0x00, 0x00, 0x8F, 0xFF, 0x00, 0x00, 0x00, 0x00, 0x8F, 0xFF, 0x00,
    0x00, 0x00, 0x00, 0x8F, 0xFF, 0x00, 0x00, 0x00, 0x00, 0x8F, 0xFF, 0x00, 0x00, 0x00, 0x00, 0x03, 0xBE, 0xFC, 0x60, 0xCF,
    0xF5, 0x00, 0x00, 0x5F, 0xFF, 0xFF, 0xF9, 0xEF, 0xF5, 0x00, 0x01, 0xFF, 0xFF, 0xFD, 0xFF, 0xFF, 0xF5, 0x00, 0x07, 0xFF,
    0xFA, 0x00, 0x1D, 0xFF, 0xF5, 0x00, 0x0B, 0xFF, 0xF1, 0x00, 0x04, 0xFF, 0xF5, 0x00, 0x0D, 0xFF, 0xD0, 0x00, 0x01, 0xFF,
    0xF5, 0x00, 0x0E, 0xFF, 0xC0, 0x00, 0x00, 0xFF, 0xF5, 0x00, 0x0D, 0xFF, 0xD0, 0x00, 0x00, 0xFF, 0xF5, 0x00, 0x0B, 0xFF,
    0xF1, 0x00, 0x03, 0xFF, 0xF5, 0x00, 0x07, 0xFF, 0xFA, 0x00, 0x1C, 0xFF, 0xF5, 0x00, 0x01, 0xFF, 0xFF, 0xFD, 0xFF, 0xFF,
    0xF5, 0x00, 0x00, 0x6F, 0xFF, 0xFF, 0xF9, 0xFF, 0xF5, 0x00, 0x00, 0x04, 0xCF, 0xFC, 0x43, 0xFF, 0xF5, 0x00, 0x00, 0x00,
    0x00, 0x00, 0x04, 0xFF, 0xF4, 0x00, 0x00, 0x00, 0x00, 0x00, 0x08, 0xFF, 0xF3, 0x00, 0x01, 0xA4, 0x10, 0x00, 0x3E, 0xFF,
    0xE0, 0x00, 0x02, 0xFF, 0xFE, 0xDE, 0xFF, 0xFF, 0x70, 0x00, 0x02, 0xFF, 0xFF, 0xFF, 0xFF, 0xF9, 0x00, 0x00, 0x00, 0x6A,
    0xDE, 0xFF, 0xDA, 0x40, 0x00, 0x00, 0x02, 0xFF, 0xF7, 0x00, 0x00, 0x00, 0x00, 0x00, 0x02, 0xFF, 0xF7, 0x00, 0x00, 0x00,
    0x00, 0x00, 0x02, 0xFF, 0xF7, 0x00, 0x00, 0x00, 0x00, 0x00, 0x02, 0xFF, 0xF7, 0x00, 0x00, 0x00, 0x00, 0x00, 0x02, 0xFF,
    0xF6, 0x00, 0x00, 0x00, 0x00, 0x00, 0x02, 0xFF, 0xF6, 0x3A, 0xEF, 0xD9, 0x10, 0x00, 0x02, 0xFF, 0xF9, 0xFF, 0xFF, 0xFF,
    0xE1, 0x00, 0x02, 0xFF, 0xFF, 0xFE, 0xDF, 0xFF, 0xF9, 0x00, 0x02, 0xFF, 0xFF, 0x70, 0x03, 0xFF, 0xFD, 0x00, 0x02, 0xFF,
    0xFD, 0x00, 0x00, 0xBF, 0xFF, 0x00, 0x02, 0xFF, 0xF9, 0x00, 0x00, 0xAF, 0xFF, 0x00, 0x02, 0xFF, 0xF7, 0x00, 0x00, 0x9F,
    0xFF, 0x00, 0x02, 0xFF, 0xF7, 0x00, 0x00, 0x9F, 0xFF, 0x00, 0x02, 0xFF, 0xF7, 0x00, 0x00, 0x9F, 0xFF, 0x00, 0x02, 0xFF,
    0xF7, 0x00, 0x00, 0x9F, 0xFF, 0x00, 0x02, 0xFF, 0xF7, 0x00, 0x00, 0x9F, 0xFF, 0x00, 0x02, 0xFF, 0xF7, 0x00, 0x00, 0x9F,
    0xFF, 0x00, 0x02, 0xFF, 0xF7, 0x00, 0x00, 0x9F, 0xFF, 0x00, 0x00, 0xBF, 0xD3, 0x00, 0x03, 0xFF, 0xF8, 0x00, 0x00, 0x8C,
    0xA2, 0x00, 0x00, 0x00, 0x00, 0x00, 0x00, 0x00, 0x00, 0x00, 0x02, 0xFF, 0xF7, 0x00, 0x02, 0xFF, 0xF7, 0x00, 0x02, 0xFF,
    0xF7, 0x00, 0x02, 0xFF, 0xF7, 0x00, 0x02, 0xFF, 0xF7, 0x00, 0x02, 0xFF, 0xF7, 0x00, 0x02, 0xFF, 0xF7, 0x00, 0x02, 0xFF,
    0xF7, 0x00, 0x02, 0xFF, 0xF7, 0x00, 0x02, 0xFF, 0xF7, 0x00, 0x02, 0xFF, 0xF7, 0x00, 0x02, 0xFF, 0xF7, 0x00, 0x02, 0xFF,
    0xF7, 0x00, 0x00, 0x00, 0xBF, 0xD3, 0x00, 0x00, 0x03, 0xFF, 0xF8, 0x00, 0x00, 0x00, 0x8C, 0xA2, 0x00, 0x00, 0x00, 0x00,
    0x00, 0x00, 0x00, 0x00, 0x00, 0x00, 0x00, 0x00, 0x02, 0xFF, 0xF7, 0x00, 0x00, 0x02, 0xFF, 0xF7, 0x00, 0x00, 0x02, 0xFF,
    0xF7, 0x00, 0x00, 0x02, 0xFF, 0xF7, 0x00, 0x00, 0x02, 0xFF, 0xF7, 0x00, 0x00, 0x02, 0xFF, 0xF7, 0x00, 0x00, 0x02, 0xFF,
    0xF7, 0x00, 0x00, 0x02, 0xFF, 0xF7, 0x00, 0x00, 0x02, 0xFF, 0xF7, 0x00, 0x00, 0x02, 0xFF, 0xF7, 0x00, 0x00, 0x02, 0xFF,
    0xF7, 0x00, 0x00, 0x02, 0xFF, 0xF7, 0x00, 0x00, 0x02, 0xFF, 0xF7, 0x00, 0x00, 0x02, 0xFF, 0xF7, 0x00, 0x00, 0x02, 0xFF,
    0xF7, 0x00, 0x00, 0x07, 0xFF, 0xF5, 0x00, 0x8D, 0xEF, 0xFF, 0xF1, 0x00, 0x8F, 0xFF, 0xFF, 0x80, 0x00, 0x6E, 0xFE, 0xC5,
    0x00, 0x00, 0x02, 0xFF, 0xF7, 0x00, 0x00, 0x00, 0x00, 0x00, 0x02, 0xFF, 0xF7, 0x00, 0x00, 0x00, 0x00, 0x00, 0x02, 0xFF,
    0xF7, 0x00, 0x00, 0x00, 0x00, 0x00, 0x02, 0xFF, 0xF7, 0x00, 0x00, 0x00, 0x00, 0x00, 0x02, 0xFF, 0xF7, 0x00, 0x00, 0x00,
    0x00, 0x00, 0x02, 0xFF, 0xF7, 0x00, 0x01, 0xDF, 0xFE, 0x20, 0x02, 0xFF, 0xF7, 0x00, 0x0C, 0xFF, 0xF3, 0x00, 0x02, 0xFF,
    0xF7, 0x00, 0xCF, 0xFF, 0x40, 0x00, 0x02, 0xFF, 0xF6, 0x0B, 0xFF, 0xF5, 0x00, 0x00, 0x02, 0xFF, 0xF6, 0x9F, 0xFF, 0x60,
    0x00, 0x00, 0x02, 0xFF, 0xFA, 0xFF, 0xF9, 0x00, 0x00, 0x00, 0x02, 0xFF, 0xFF, 0xFF, 0xFE, 0x10, 0x00, 0x00, 0x02, 0xFF,
    0xFF, 0xFF, 0xFF, 0xB0, 0x00, 0x00, 0x02, 0xFF, 0xFD, 0x27, 0xFF, 0xF7, 0x00, 0x00, 0x02, 0xFF, 0xF7, 0x00, 0xCF, 0xFF,
    0x40, 0x00, 0x02, 0xFF, 0xF7, 0x00, 0x1E, 0xFF, 0xE1, 0x00, 0x02, 0xFF, 0xF7, 0x00, 0x05, 0xFF, 0xFB, 0x00, 0x02, 0xFF,
    0xF7, 0x00, 0x00, 0x9F, 0xFF, 0x70, 0x02, 0xFF, 0xF7, 0x00, 0x02, 0xFF, 0xF7, 0x00, 0x02, 0xFF, 0xF7, 0x00, 0x02, 0xFF,
    0xF7, 0x00, 0x02, 0xFF, 0xF7, 0x00, 0x02, 0xFF, 0xF7, 0x00, 0x02, 0xFF, 0xF7, 0x00, 0x02, 0xFF, 0xF7, 0x00, 0x02, 0xFF,
    0xF7, 0x00, 0x02, 0xFF, 0xF7, 0x00, 0x02, 0xFF, 0xF7, 0x00, 0x02, 0xFF, 0xF7, 0x00, 0x02, 0xFF, 0xF7, 0x00, 0x02, 0xFF,
    0xF7, 0x00, 0x02, 0xFF, 0xF7, 0x00, 0x02, 0xFF, 0xF7, 0x00, 0x02, 0xFF, 0xF7, 0x00, 0x02, 0xFF, 0xF7, 0x00, 0x02, 0xFF,
    0xB0, 0x3B, 0xEF, 0xD7, 0x00, 0x2A, 0xEF, 0xE9, 0x10, 0x00, 0x02, 0xFF, 0xF5, 0xFF, 0xFF, 0xFF, 0xB3, 0xFF, 0xFF, 0xFF,
    0xD0, 0x00, 0x02, 0xFF, 0xFF, 0xFE, 0xEF, 0xFF, 0xFF, 0xFF, 0xEF, 0xFF, 0xF6, 0x00, 0x02, 0xFF, 0xFF, 0x50, 0x08, 0xFF,
    0xFF, 0x80, 0x06, 0xFF, 0xFA, 0x00, 0x02, 0xFF, 0xFD, 0x00, 0x01, 0xFF, 0xFE, 0x00, 0x00, 0xEF, 0xFB, 0x00, 0x02, 0xFF,
    0xF9, 0x00, 0x00, 0xFF, 0xFB, 0x00, 0x00, 0xDF, 0xFC, 0x00, 0x02, 0xFF, 0xF7, 0x00, 0x00, 0xFF, 0xFA, 0x00, 0x00, 0xDF,
    0xFC, 0x00, 0x02, 0xFF, 0xF7, 0x00, 0x00, 0xFF, 0xF9, 0x00, 0x00, 0xDF, 0xFC, 0x00, 0x02, 0xFF, 0xF7, 0x00, 0x00, 0xFF,
    0xF9, 0x00, 0x00, 0xDF, 0xFC, 0x00, 0x02, 0xFF, 0xF7, 0x00, 0x00, 0xFF, 0xF9, 0x00, 0x00, 0xDF, 0xFC, 0x00, 0x02, 0xFF,
    0xF7, 0x00, 0x00, 0xFF, 0xF9, 0x00, 0x00, 0xDF, 0xFC, 0x00, 0x02, 0xFF, 0xF7, 0x00, 0x00, 0xFF, 0xF9, 0x00, 0x00, 0xDF,
    0xFC, 0x00, 0x02, 0xFF, 0xF7, 0x00, 0x00, 0xFF, 0xF9, 0x00, 0x00, 0xDF, 0xFC, 0x00, 0x02, 0xFF, 0xB0, 0x4B, 0xEF, 0xE9,
    0x10, 0x00, 0x02, 0xFF, 0xF6, 0xFF, 0xFF, 0xFF, 0xE1, 0x00, 0x02, 0xFF, 0xFF, 0xFE, 0xDF, 0xFF, 0xF9, 0x00, 0x02, 0xFF,
    0xFF, 0x60, 0x03, 0xFF, 0xFD, 0x00, 0x02, 0xFF, 0xFD, 0x00, 0x00, 0xBF, 0xFF, 0x00, 0x02, 0xFF, 0xF9, 0x00, 0x00, 0xAF,
    0xFF, 0x00, 0x02, 0xFF, 0xF7, 0x00, 0x00, 0x9F, 0xFF, 0x00, 0x02, 0xFF, 0xF7, 0x00, 0x00, 0x9F, 0xFF, 0x00, 0x02, 0xFF,
    0xF7, 0x00, 0x00, 0x9F, 0xFF, 0x00, 0x02, 0xFF, 0xF7, 0x00, 0x00, 0x9F, 0xFF, 0x00, 0x02, 0xFF, 0xF7, 0x00, 0x00, 0x9F,
    0xFF, 0x00, 0x02, 0xFF, 0xF7, 0x00, 0x00, 0x9F, 0xFF, 0x00, 0x02, 0xFF, 0xF7, 0x00, 0x00, 0x9F, 0xFF, 0x00, 0x00, 0x00,
    0x6C, 0xEF, 0xEB, 0x40, 0x00, 0x00, 0x00, 0x2D, 0xFF, 0xFF, 0xFF, 0xFA, 0x00, 0x00, 0x00, 0xDF, 0xFF, 0xFD, 0xFF, 0xFF,
    0x90, 0x00, 0x06, 0xFF, 0xFA, 0x00, 0x1C, 0xFF, 0xF2, 0x00, 0x0B, 0xFF, 0xF1, 0x00, 0x03, 0xFF, 0xF8, 0x00, 0x0D, 0xFF,
    0xD0, 0x00, 0x00, 0xFF, 0xFA, 0x00, 0x0E, 0xFF, 0xC0, 0x00, 0x00, 0xEF, 0xFC, 0x00, 0x0D, 0xFF, 0xD0, 0x00, 0x00, 0xFF,
    0xFB, 0x00, 0x0A, 0xFF, 0xF1, 0x00, 0x03, 0xFF, 0xF8, 0x00, 0x05, 0xFF, 0xFA, 0x00, 0x1C, 0xFF, 0xF3, 0x00, 0x00, 0xBF,
    0xFF, 0xFD, 0xFF, 0xFF, 0xA0, 0x00, 0x00, 0x1C, 0xFF, 0xFF, 0xFF, 0xFB, 0x00, 0x00, 0x00, 0x00, 0x6B, 0xEF, 0xEB, 0x50,
    0x00, 0x00, 0x02, 0xFF, 0xE0, 0x3B, 0xEF, 0xC6, 0x00, 0x00, 0x02, 0xFF, 0xF6, 0xFF, 0xFF, 0xFF, 0x90, 0x00, 0x02, 0xFF,
    0xFF, 0xFE, 0xEF, 0xFF, 0xF4, 0x00, 0x02, 0xFF, 0xFF, 0x40, 0x06, 0xFF, 0xFB, 0x00, 0x02, 0xFF, 0xFB, 0x00, 0x00, 0xDF,
    0xFE, 0x00, 0x02, 0xFF, 0xF8, 0x00, 0x00, 0xAF, 0xFF, 0x00, 0x02, 0xFF, 0xF7, 0x00, 0x00, 0x8F, 0xFF, 0x10, 0x02, 0xFF,
    0xF8, 0x00, 0x00, 0xAF, 0xFF, 0x00, 0x02, 0xFF, 0xFC, 0x00, 0x00, 0xDF, 0xFE, 0x00, 0x02, 0xFF, 0xFF, 0x50, 0x06, 0xFF,
    0xFA, 0x00, 0x02, 0xFF, 0xFF, 0xFE, 0xEF, 0xFF, 0xF3, 0x00, 0x02, 0xFF, 0xFB, 0xFF, 0xFF, 0xFF, 0x80, 0x00, 0x02, 0xFF,
    0xF5, 0x4C, 0xFF, 0xC5, 0x00, 0x00, 0x02, 0xFF, 0xF7, 0x00, 0x00, 0x00, 0x00, 0x00, 0x02, 0xFF, 0xF7, 0x00, 0x00, 0x00,
    0x00, 0x00, 0x02, 0xFF, 0xF7, 0x00, 0x00, 0x00, 0x00, 0x00, 0x02, 0xFF, 0xF7, 0x00, 0x00, 0x00, 0x00, 0x00, 0x02, 0xFF,
    0xF7, 0x00, 0x00, 0x00, 0x00, 0x00, 0x02, 0xFF, 0xF7, 0x00, 0x00, 0x00, 0x00, 0x00, 0x00, 0x03, 0xBF, 0xFC, 0x60, 0xCF,
    0xF5, 0x00, 0x00, 0x5F, 0xFF, 0xFF, 0xF9, 0xFF, 0xF5, 0x00, 0x01, 0xFF, 0xFF, 0xFD, 0xFF, 0xFF, 0xF5, 0x00, 0x07, 0xFF,
    0xFA, 0x00, 0x1D, 0xFF, 0xF5, 0x00, 0x0B, 0xFF, 0xF1, 0x00, 0x05, 0xFF, 0xF5, 0x00, 0x0D, 0xFF, 0xD0, 0x00, 0x01, 0xFF,
    0xF5, 0x00, 0x0E, 0xFF, 0xC0, 0x00, 0x00, 0xFF, 0xF5, 0x00, 0x0D, 0xFF, 0xD0, 0x00, 0x01, 0xFF, 0xF5, 0x00, 0x0B, 0xFF,
    0xF1, 0x00, 0x04, 0xFF, 0xF5, 0x00, 0x08, 0xFF, 0xFA, 0x00, 0x1C, 0xFF, 0xF5, 0x00, 0x02, 0xFF, 0xFF, 0xFD, 0xFF, 0xFF,
    0xF5, 0x00, 0x00, 0x6F, 0xFF, 0xFF, 0xF8, 0xFF, 0xF5, 0x00, 0x00, 0x04, 0xBF, 0xFC, 0x43, 0xFF, 0xF5, 0x00, 0x00, 0x00,
    0x00, 0x00, 0x03, 0xFF, 0xF5, 0x00, 0x00, 0x00, 0x00, 0x00, 0x04, 0xFF, 0xF5, 0x00, 0x00, 0x00, 0x00, 0x00, 0x04, 0xFF,
    0xF5, 0x00, 0x00, 0x00, 0x00, 0x00, 0x04, 0xFF, 0xF5, 0x00, 0x00, 0x00, 0x00, 0x00, 0x04, 0xFF, 0xF5, 0x00, 0x00, 0x00,
    0x00, 0x00, 0x04, 0xFF, 0xF5, 0x00, 0x02, 0xFF, 0xB0, 0x2A, 0xEF, 0x50, 0x02, 0xFF, 0xF4, 0xFF, 0xFF, 0x40, 0x02, 0xFF,
    0xFF, 0xFF, 0xDD, 0x20, 0x02, 0xFF, 0xFF, 0xA1, 0x00, 0x00, 0x02, 0xFF, 0xFD, 0x00, 0x00, 0x00, 0x02, 0xFF, 0xF8, 0x00,
    0x00, 0x00, 0x02, 0xFF, 0xF7, 0x00, 0x00, 0x00, 0x02, 0xFF, 0xF7, 0x00, 0x00, 0x00, 0x02, 0xFF, 0xF7, 0x00, 0x00, 0x00,
    0x02, 0xFF, 0xF7, 0x00, 0x00, 0x00, 0x02, 0xFF, 0xF7, 0x00, 0x00, 0x00, 0x02, 0xFF, 0xF7, 0x00, 0x00, 0x00, 0x02, 0xFF,
    0xF7, 0x00, 0x00, 0x00, 0x00, 0x28, 0xDE, 0xFE, 0xB7, 0x10, 0x04, 0xFF, 0xFF, 0xFF, 0xFF, 0xB0, 0x0C, 0xFF, 0xFE, 0xDF,
    0xFF, 0x40, 0x0E, 0xFF, 0xB0, 0x00, 0x38, 0x00, 0x0C, 0xFF, 0xF6, 0x00, 0x00, 0x00, 0x03, 0xFF, 0xFF, 0xF9, 0x20, 0x00,
    0x00, 0x2B, 0xFF, 0xFF, 0xF9, 0x00, 0x00, 0x00, 0x29, 0xFF, 0xFF, 0x90, 0x00, 0x00, 0x00, 0x1C, 0xFF, 0xE0, 0x09, 0x51,
    0x00, 0x0A, 0xFF, 0xF0, 0x0E, 0xFF, 0xED, 0xEF, 0xFF, 0xC0, 0x0E, 0xFF, 0xFF, 0xFF, 0xFF, 0x30, 0x04, 0xAD, 0xFF, 0xFD,
    0x81, 0x00, 0x00, 0x04, 0x86, 0x00, 0x00, 0x00, 0x0D, 0xFD, 0x00, 0x00, 0x00, 0x3F, 0xFD, 0x00, 0x00, 0x04, 0xDF, 0xFF,
    0xFF, 0xF8, 0x6F, 0xFF, 0xFF, 0xFF, 0xF8, 0x5D, 0xFF, 0xFF, 0xDD, 0xD6, 0x00, 0xCF, 0xFD, 0x00, 0x00, 0x00, 0xCF, 0xFD,
    0x00, 0x00, 0x00, 0xCF, 0xFD, 0x00, 0x00, 0x00, 0xCF, 0xFD, 0x00, 0x00, 0x00, 0xCF, 0xFD, 0x00, 0x00, 0x00, 0xBF, 0xFD,
    0x00, 0x00, 0x00, 0xBF, 0xFF, 0x10, 0x00, 0x00, 0x8F, 0xFF, 0xFC, 0xEA, 0x00, 0x1E, 0xFF, 0xFF, 0xFA, 0x00, 0x02, 0xBE,
    0xFE, 0xC5, 0x03, 0xFF, 0xF6, 0x00, 0x00, 0xBF, 0xFE, 0x00, 0x03, 0xFF, 0xF6, 0x00, 0x00, 0xBF, 0xFE, 0x00, 0x03, 0xFF,
    0xF6, 0x00, 0x00, 0xBF, 0xFE, 0x00, 0x03, 0xFF, 0xF6, 0x00, 0x00, 0xBF, 0xFE, 0x00, 0x03, 0xFF, 0xF6, 0x00, 0x00, 0xBF,
    0xFE, 0x00, 0x03, 0xFF, 0xF6, 0x00, 0x00, 0xBF, 0xFE, 0x00, 0x03, 0xFF, 0xF6, 0x00, 0x00, 0xBF, 0xFE, 0x00, 0x03, 0xFF,
    0xF6, 0x00, 0x00, 0xCF, 0xFE, 0x00, 0x03, 0xFF, 0xF7, 0x00, 0x00, 0xFF, 0xFE, 0x00, 0x01, 0xFF, 0xFC, 0x00, 0x06, 0xFF,
    0xFE, 0x00, 0x00, 0xDF, 0xFF, 0xC9, 0xBF, 0xFF, 0xFE, 0x00, 0x00, 0x4F, 0xFF, 0xFF, 0xFF, 0x9F, 0xFE, 0x00, 0x00, 0x03,
    0xAE, 0xFE, 0xA3, 0x0F, 0xFE, 0x00, 0xCF, 0xFE, 0x00, 0x00, 0x04, 0xFF, 0xF7, 0x6F, 0xFF, 0x40, 0x00, 0x09, 0xFF, 0xF1,
    0x1F, 0xFF, 0x90, 0x00, 0x0E, 0xFF, 0xB0, 0x0A, 0xFF, 0xE0, 0x00, 0x4F, 0xFF, 0x40, 0x04, 0xFF, 0xF4, 0x00, 0xAF, 0xFE,
    0x00, 0x00, 0xEF, 0xF9, 0x00, 0xFF, 0xF8, 0x00, 0x00, 0x8F, 0xFE, 0x04, 0xFF, 0xF2, 0x00, 0x00, 0x2F, 0xFF, 0x4A, 0xFF,
    0xC0, 0x00, 0x00, 0x0B, 0xFF, 0x8E, 0xFF, 0x60, 0x00, 0x00, 0x05, 0xFF, 0xCF, 0xFF, 0x00, 0x00, 0x00, 0x00, 0xFF, 0xFF,
    0xF9, 0x00, 0x00, 0x00, 0x00, 0x9F, 0xFF, 0xF3, 0x00, 0x00, 0x00, 0x00, 0x3F, 0xFF, 0xD0, 0x00, 0x00, 0xAF, 0xFE, 0x00,
    0x00, 0xCF, 0xFF, 0x60, 0x00, 0x5F, 0xFF, 0x20, 0x5F, 0xFF, 0x20, 0x01, 0xFF, 0xFF, 0xA0, 0x00, 0x9F, 0xFD, 0x00, 0x1F,
    0xFF, 0x70, 0x05, 0xFF, 0xFF, 0xE0, 0x00, 0xEF, 0xF9, 0x00, 0x0C, 0xFF, 0xB0, 0x09, 0xFF, 0x9F, 0xF1, 0x02, 0xFF, 0xF4,
    0x00, 0x07, 0xFF, 0xF0, 0x0D, 0xFC, 0x4F, 0xF5, 0x06, 0xFF, 0xF0, 0x00, 0x03, 0xFF, 0xF3, 0x1F, 0xF8, 0x0F, 0xF9, 0x0B,
    0xFF, 0xB0, 0x00, 0x00, 0xEF, 0xF7, 0x5F, 0xF5, 0x0D, 0xFD, 0x0E, 0xFF, 0x60, 0x00, 0x00, 0x9F, 0xFA, 0x8F, 0xF1, 0x09,
    0xFF, 0x2F, 0xFF, 0x10, 0x00, 0x00, 0x5F, 0xFC, 0xBF, 0xD0, 0x05, 0xFF, 0x8F, 0xFD, 0x00, 0x00, 0x00, 0x1F, 0xFF, 0xDF,
    0x90, 0x02, 0xFF, 0xCF, 0xF8, 0x00, 0x00, 0x00, 0x0C, 0xFF, 0xFF, 0x60, 0x00, 0xEF, 0xFF, 0xF4, 0x00, 0x00, 0x00, 0x07,
    0xFF, 0xFF, 0x20, 0x00, 0xBF, 0xFF, 0xF0, 0x00, 0x00, 0x00, 0x03, 0xFF, 0xFE, 0x00, 0x00, 0x7F, 0xFF, 0xA0, 0x00, 0x00,
    0x5F, 0xFF, 0xB0, 0x00, 0x0C, 0xFF, 0xF3, 0x0A, 0xFF, 0xF4, 0x00, 0x6F, 0xFF, 0x80, 0x01, 0xEF, 0xFE, 0x01, 0xFF, 0xFD,
    0x00, 0x00, 0x5F, 0xFF, 0x8A, 0xFF, 0xF3, 0x00, 0x00, 0x0A, 0xFF, 0xFF, 0xFF, 0x80, 0x00, 0x00, 0x01, 0xEF, 0xFF, 0xFD,
    0x00, 0x00, 0x00, 0x00, 0x9F, 0xFF, 0xF7, 0x00, 0x00, 0x00, 0x03, 0xFF, 0xFF, 0xFF, 0x10, 0x00, 0x00, 0x0D, 0xFF, 0xEF,
    0xFF, 0xB0, 0x00, 0x00, 0x8F, 0xFF, 0x57, 0xFF, 0xF6, 0x00, 0x03, 0xFF, 0xFB, 0x00, 0xDF, 0xFF, 0x10, 0x0D, 0xFF, 0xF2,
    0x00, 0x3F, 0xFF, 0xB0, 0x8F, 0xFF, 0x70, 0x00, 0x09, 0xFF, 0xF6, 0xCF, 0xFF, 0x10, 0x00, 0x05, 0xFF, 0xF7, 0x6F, 0xFF,
    0x60, 0x00, 0x0A, 0xFF, 0xF1, 0x0F, 0xFF, 0xB0, 0x00, 0x0F, 0xFF, 0xB0, 0x09, 0xFF, 0xF1, 0x00, 0x5F, 0xFF, 0x50, 0x03,
    0xFF, 0xF6, 0x00, 0xAF, 0xFF, 0x00, 0x00, 0xDF, 0xFB, 0x00, 0xFF, 0xF9, 0x00, 0x00, 0x7F, 0xFF, 0x14, 0xFF, 0xF3, 0x00,
    0x00, 0x1F, 0xFF, 0x69, 0xFF, 0xD0, 0x00, 0x00, 0x0A, 0xFF, 0xAE, 0xFF, 0x70, 0x00, 0x00, 0x04, 0xFF, 0xDF, 0xFF, 0x10,
    0x00, 0x00, 0x00, 0xDF, 0xFF, 0xFB, 0x00, 0x00, 0x00, 0x00, 0x7F, 0xFF, 0xF5, 0x00, 0x00, 0x00, 0x00, 0x1F, 0xFF, 0xF0,
    0x00, 0x00, 0x00, 0x00, 0x0E, 0xFF, 0xA0, 0x00, 0x00, 0x00, 0x00, 0x4F, 0xFF, 0x40, 0x00, 0x00, 0x00, 0x02, 0xEF, 0xFD,
    0x00, 0x00, 0x00, 0x2D, 0xDF, 0xFF, 0xF4, 0x00, 0x00, 0x00, 0x3F, 0xFF, 0xFF, 0x70, 0x00, 0x00, 0x00, 0x2E, 0xFE, 0xB3,
    0x00, 0x00, 0x00, 0x00, 0x0F, 0xFF, 0xFF, 0xFF, 0xFF, 0xC0, 0x0F, 0xFF, 0xFF, 0xFF, 0xFF, 0xC0, 0x0C, 0xDD, 0xDD, 0xEF,
    0xFF, 0xA0, 0x00, 0x00, 0x00, 0xCF, 0xFD, 0x10, 0x00, 0x00, 0x08, 0xFF, 0xF3, 0x00, 0x00, 0x00, 0x5F, 0xFF, 0x60, 0x00,
    0x00, 0x02, 0xFF, 0xFA, 0x00, 0x00, 0x00, 0x0C, 0xFF, 0xD0, 0x00, 0x00, 0x00, 0x9F, 0xFF, 0x20, 0x00, 0x00, 0x05, 0xFF,
    0xF6, 0x00, 0x00, 0x00, 0x2F, 0xFF, 0xFD, 0xDD, 0xDD, 0xC0, 0x5F, 0xFF, 0xFF, 0xFF, 0xFF, 0xF0, 0x5F, 0xFF, 0xFF, 0xFF,
    0xFF, 0xF0, 0x00, 0x00, 0x4A, 0xDF, 0x70, 0x00, 0x03, 0xFF, 0xFF, 0x80, 0x00, 0x08, 0xFF, 0xFF, 0x60, 0x00, 0x0A, 0xFF,
    0xB0, 0x00, 0x00, 0x0A, 0xFF, 0x70, 0x00, 0x00, 0x0A, 0xFF, 0x70, 0x00, 0x00, 0x0A, 0xFF, 0x70, 0x00, 0x00, 0x0C, 0xFF,
    0x70, 0x00, 0x01, 0x7F, 0xFF, 0x50, 0x00, 0xAF, 0xFF, 0xFA, 0x00, 0x00, 0xAF, 0xFF, 0x70, 0x00, 0x00, 0x8E, 0xFF, 0xFC,
    0x00, 0x00, 0x00, 0x5F, 0xFF, 0x50, 0x00, 0x00, 0x0B, 0xFF, 0x70, 0x00, 0x00, 0x0A, 0xFF, 0x70, 0x00, 0x00, 0x0A, 0xFF,
    0x70, 0x00, 0x00, 0x0A, 0xFF, 0x70, 0x00, 0x00, 0x0A, 0xFF, 0xC2, 0x00, 0x00, 0x08, 0xFF, 0xFF, 0x80, 0x00, 0x02, 0xFF,
    0xFF, 0x80, 0x00, 0x00, 0x18, 0xBC, 0x60, 0x00, 0x00, 0x0A, 0xFE, 0x00, 0x00, 0x00, 0x00, 0x00, 0x0A, 0xFE, 0x00, 0x00,
    0x00, 0x00, 0x00, 0x0A, 0xFE, 0x00, 0x00, 0x00, 0x00, 0x00, 0x0A, 0xFE, 0x00, 0x00, 0x00, 0x00, 0x00, 0x0A, 0xFE, 0x00,
    0x00, 0x00, 0x00, 0x00, 0x0A, 0xFE, 0x00, 0x00, 0x00, 0x00, 0x00, 0x0A, 0xFE, 0x00, 0x00, 0x00, 0x00, 0x00, 0x0A, 0xFE,
    0x00, 0x00, 0x00, 0x00, 0x00, 0x0A, 0xFE, 0x00, 0x00, 0x00, 0x00, 0x00, 0x0A, 0xFE, 0x00, 0x00, 0x00, 0x00, 0x00, 0x0A,
    0xFE, 0x00, 0x00, 0x00, 0x00, 0x00, 0x0A, 0xFE, 0x00, 0x00, 0x00, 0x00, 0x00, 0x0A, 0xFE, 0x00, 0x00, 0x00, 0x00, 0x00,
    0x0A, 0xFE, 0x00, 0x00, 0x00, 0x00, 0x00, 0x0A, 0xFE, 0x00, 0x00, 0x00, 0x00, 0x00, 0x0A, 0xFE, 0x00, 0x00, 0x00, 0x00,
    0x00, 0x0A, 0xFE, 0x00, 0x00, 0x00, 0x00, 0x00, 0x0A, 0xFE, 0x00, 0x00, 0x00, 0x00, 0x00, 0x0A, 0xFE, 0x00, 0x00, 0x00,
    0x00, 0x00, 0x0A, 0xFE, 0x00, 0x00, 0x00, 0x00, 0x00, 0x0A, 0xFE, 0x00, 0x00, 0x00, 0x00, 0x00, 0x0A, 0xFE, 0x00, 0x00,
    0x00, 0x00, 0x00, 0x0A, 0xFE, 0x00, 0x00, 0x00, 0x00, 0x00, 0x0A, 0xFE, 0x00, 0x00, 0x00, 0x0F, 0xEC, 0x70, 0x00, 0x00,
    0x0F, 0xFF, 0xFA, 0x00, 0x00, 0x0D, 0xFF, 0xFF, 0x00, 0x00, 0x00, 0x4F, 0xFF, 0x10, 0x00, 0x00, 0x0F, 0xFF, 0x10, 0x00,
    0x00, 0x0F, 0xFF, 0x10, 0x00, 0x00, 0x0F, 0xFF, 0x10, 0x00, 0x00, 0x0F, 0xFF, 0x30, 0x00, 0x00, 0x0D, 0xFF, 0xC3, 0x00,
    0x00, 0x04, 0xEF, 0xFF, 0xF1, 0x00, 0x00, 0x3C, 0xFF, 0xF1, 0x00, 0x06, 0xFF, 0xFF, 0xD1, 0x00, 0x0E, 0xFF, 0xA1, 0x00,
    0x00, 0x0F, 0xFF, 0x20, 0x00, 0x00, 0x0F, 0xFF, 0x10, 0x00, 0x00, 0x0F, 0xFF, 0x10, 0x00, 0x00, 0x0F, 0xFF, 0x10, 0x00,
    0x00, 0x7F, 0xFF, 0x10, 0x00, 0x0F, 0xFF, 0xFF, 0x00, 0x00, 0x0F, 0xFF, 0xF8, 0x00, 0x00, 0x0C, 0xB9, 0x40, 0x00, 0x00,
    0x00, 0x00, 0x00, 0x00, 0x00, 0x00, 0x00, 0x04, 0xBF, 0xFD, 0x94, 0x00, 0x04, 0x80, 0x0F, 0xFF, 0xFF, 0xFF, 0xFD, 0xEF,
    0xA0, 0x0F, 0xFD, 0xEF, 0xFF, 0xFF, 0xFF, 0xA0, 0x0B, 0x20, 0x01, 0x6A, 0xEF, 0xEA, 0x10, 0x00, 0x00, 0x00, 0x00, 0x00,
    0x00, 0x00, 0x00, 0x00, 0x00, 0x00, 0x00, 0x00, 0x00, 0x00, 0x00, 0x00, 0x00, 0x00, 0x00, 0x00, 0x00, 0x00, 0x00, 0x00,
    0x00, 0x00, 0x00, 0x00, 0x00, 0x00, 0x00, 0x00, 0x00, 0x00, 0x00, 0x00, 0x00, 0x00, 0x00, 0x00, 0x00,
};

static const glyph_t font_title_glyphs[] = {
    { 0, 0, 0, 0, 0, 6 }, /*   */
    { 0, 7, 17, 0, 9, 7 }, /* ! */
    { 68, 11, 17, 0, 9, 11 }, /* " */
    { 170, 16, 17, 0, 9, 16 }, /* # */
    { 306, 14, 19, 0, 8, 14 }, /* $ */
    { 439, 22, 17, 0, 9, 22 }, /* % */
    { 626, 18, 17, 0, 9, 18 }, /* & */
    { 779, 6, 17, 0, 9, 6 }, /* ' */
    { 830, 8, 20, 0, 9, 8 }, /* ( */
    { 910, 8, 20, 0, 9, 8 }, /* ) */
    { 990, 13, 18, 0, 8, 13 }, /* 0x2A */
    { 1116, 14, 14, 0, 12, 14 }, /* + */
    { 1214, 7, 6, 0, 23, 7 }, /* , */
    { 1238, 8, 8, 0, 18, 8 }, /* - */
    { 1270, 7, 4, 0, 22, 7 }, /* . */
    { 1286, 10, 17, 0, 9, 10 }, /* 0x2F */
    { 1371, 14, 17, 0, 9, 14 }, /* 0 */
    { 1490, 14, 17, 0, 9, 14 }, /* 1 */
    { 1609, 14, 17, 0, 9, 14 }, /* 2 */
    { 1728, 14, 17, 0, 9, 14 }, /* 3 */
    { 1847, 14, 17, 0, 9, 14 }, /* 4 */
    { 1966, 14, 17, 0, 9, 14 }, /* 5 */
    { 2085, 14, 17, 0, 9, 14 }, /* 6 */
    { 2204, 14, 17, 0, 9, 14 }, /* 7 */
    { 2323, 14, 17, 0, 9, 14 }, /* 8 */
    { 2442, 14, 17, 0, 9, 14 }, /* 9 */
    { 2561, 7, 13, 0, 13, 7 }, /* : */
    { 2613, 7, 16, 0, 13, 7 }, /* ; */
    { 2677, 14, 15, 0, 11, 14 }, /* < */
    { 2782, 14, 12, 0, 14, 14 }, /* = */
    { 2866, 14, 15, 0, 11, 14 }, /* > */
    { 2971, 11, 17, 0, 9, 11 }, /* ? */
    { 3073, 22, 19, 0, 9, 22 }, /* @ */
    { 3282, 17, 17, 0, 9, 17 }, /* A */
    { 3435, 16, 17, 0, 9, 16 }, /* B */
    { 3571, 15, 17, 0, 9, 15 }, /* C */
    { 3707, 18, 17, 0, 9, 18 }, /* D */
    { 3860, 13, 17, 0, 9, 13 }, /* E */
    { 3979, 13, 17, 0, 9, 13 }, /* F */
    { 4098, 17, 17, 0, 9, 17 }, /* G */
    { 4251, 18, 17, 0, 9, 18 }, /* H */
    { 4404, 9, 17, 0, 9, 9 }, /* I */
    { 4489, 10, 22, -2, 9, 8 }, /* J */
    { 4599, 16, 17, 0, 9, 16 }, /* K */
    { 4735, 14, 17, 0, 9, 14 }, /* L */
    { 4854, 23, 17, 0, 9, 23 }, /* M */
    { 5058, 20, 17, 0, 9, 20 }, /* N */
    { 5228, 19, 17, 0, 9, 19 }, /* O */
    { 5398, 15, 17, 0, 9, 15 }, /* P */
    { 5534, 19, 21, 0, 9, 19 }, /* Q */
    { 5744, 16, 17, 0, 9, 16 }, /* R */
    { 5880, 13, 17, 0, 9, 13 }, /* S */
    { 5999, 14, 17, 0, 9, 14 }, /* T */
    { 6118, 18, 17, 0, 9, 18 }, /* U */
    { 6271, 16, 17, 0, 9, 16 }, /* V */
    { 6407, 24, 17, 0, 9, 23 }, /* W */
    { 6611, 17, 17, 0, 9, 16 }, /* X */
    { 6764, 15, 17, 0, 9, 15 }, /* Y */
    { 6900, 14, 17, 0, 9, 14 }, /* Z */
    { 7019, 8, 21, 0, 9, 8 }, /* [ */
    { 7103, 10, 17, 0, 9, 10 }, /* 0x5C */
    { 7188, 8, 21, 0, 9, 8 }, /* ] */
    { 7272, 14, 17, 0, 9, 14 }, /* ^ */
    { 7391, 11, 4, -1, 26, 10 }, /* _ */
    { 7415, 9, 18, 0, 8, 9 }, /* ` */
    { 7505, 15, 13, 0, 13, 14 }, /* a */
    { 7609, 15, 18, 0, 8, 15 }, /* b */
    { 7753, 12, 13, 0, 13, 12 }, /* c */
    { 7831, 15, 18, 0, 8, 15 }, /* d */
    { 7975, 14, 13, 0, 13, 14 }, /* e */
    { 8066, 11, 18, 0, 8, 9 }, /* f */
    { 8174, 15, 19, 0, 13, 15 }, /* g */
    { 8326, 16, 18, 0, 8, 16 }, /* h */
    { 8470, 7, 18, 0, 8, 7 }, /* i */
    { 8542, 9, 24, -2, 8, 7 }, /* j */
    { 8662, 15, 18, 0, 8, 15 }, /* k */
    { 8806, 7, 18, 0, 8, 7 }, /* l */
    { 8878, 24, 13, 0, 13, 24 }, /* m */
    { 9034, 16, 13, 0, 13, 16 }, /* n */
    { 9138, 15, 13, 0, 13, 15 }, /* o */
    { 9242, 15, 19, 0, 13, 15 }, /* p */
    { 9394, 15, 19, 0, 13, 15 }, /* q */
    { 9546, 11, 13, 0, 13, 11 }, /* r */
    { 9624, 12, 13, 0, 13, 12 }, /* s */
    { 9702, 10, 16, 0, 10, 10 }, /* t */
    { 9782, 16, 13, 0, 13, 16 }, /* u */
    { 9886, 14, 13, 0, 13, 14 }, /* v */
    { 9977, 21, 13, 0, 13, 21 }, /* w */
    { 10120, 14, 13, 0, 13, 14 }, /* x */
    { 10211, 14, 19, 0, 13, 14 }, /* y */
    { 10344, 12, 13, 0, 13, 12 }, /* z */
    { 10422, 9, 21, 0, 9, 9 }, /* { */
    { 10527, 13, 24, 0, 8, 13 }, /* | */
    { 10695, 10, 21, 0, 9, 9 }, /* } */
    { 10800, 14, 11, 0, 15, 14 }, /* ~ */
};

static const font_t font_title = {
    font_title_bitmap, font_title_glyphs, ' ', '~', 34, 26
};

static const uint8_t font_huge_bitmap[8547] = {
    0x05, 0xFF, 0xFF, 0xFF, 0xFF, 0xFF, 0xFF, 0xF3, 0x00, 0x05, 0xFF, 0xFF, 0xFF, 0xFF, 0xFF, 0xFF, 0xF3, 0x00, 0x05, 0xFF,
    0xFF, 0xFF, 0xFF, 0xFF, 0xFF, 0xF3, 0x00, 0x05, 0xFF, 0xFF, 0xFF, 0xFF, 0xFF, 0xFF, 0xF3, 0x00, 0x00, 0x00, 0x00, 0x00,
    0x00, 0x00, 0x00, 0x00, 0x00, 0x00, 0x00, 0x00, 0x00, 0x00, 0x00, 0x00, 0x00, 0x00, 0x00, 0x00, 0x00, 0x00, 0x00, 0x00,
    0x00, 0x00, 0x00, 0x00, 0x00, 0x00, 0x00, 0x00, 0x00, 0x00, 0x00, 0x00, 0x00, 0x00, 0x00, 0x00, 0x00, 0x00, 0x00, 0x00,
    0x00, 0x00, 0x00, 0x00, 0x00, 0x00, 0x00, 0x00, 0x00, 0x00, 0x00, 0x00, 0x00, 0x00, 0x00, 0x00, 0x00, 0x00, 0x00, 0x00,
    0x00, 0x00, 0x00, 0x00, 0x00, 0x00, 0x00, 0x00, 0x00, 0x00, 0x00, 0x00, 0x00, 0x00, 0x00, 0x00, 0x00, 0x00, 0x00, 0x00,
    0x00, 0x00, 0x00, 0x00, 0x00, 0x00, 0x00, 0x00, 0x00, 0x00, 0x00, 0x00, 0x00, 0x00, 0x00, 0x00, 0x00, 0x00, 0x00, 0x00,
    0x00, 0x00, 0x00, 0x00, 0x00, 0x00, 0x00, 0x00, 0x00, 0x00, 0x00, 0x00, 0x00, 0x00, 0x00, 0x00, 0x00, 0x00, 0x00, 0x00,
    0x00, 0x00, 0x00, 0x00, 0x00, 0x00, 0x00, 0x00, 0x00, 0x00, 0x00, 0x00, 0x00, 0x06, 0xEF, 0xD4, 0x00, 0x00, 0x00, 0x00,
    0x00, 0x5F, 0xFF, 0xFF, 0x20, 0x00, 0x00, 0x00, 0x00, 0xCF, 0xFF, 0xFF, 0x80, 0x00, 0x00, 0x00, 0x00, 0xEF, 0xFF, 0xFF,
    0xA0, 0x00, 0x00, 0x00, 0x00, 0xCF, 0xFF, 0xFF, 0x80, 0x00, 0x00, 0x00, 0x00, 0x5F, 0xFF, 0xFF, 0x20, 0x00, 0x00, 0x00,
    0x00, 0x06, 0xEF, 0xD4, 0x00, 0x00, 0x00, 0x00, 0x00, 0x00, 0x00, 0x00, 0x00, 0x00, 0x00, 0x00, 0x00, 0x1F, 0xFF, 0xB0,
    0x00, 0x00, 0x00, 0x00, 0x00, 0x00, 0x00, 0x00, 0x00, 0x00, 0x7F, 0xFF, 0x60, 0x00, 0x00, 0x00, 0x00, 0x00, 0x00, 0x00,
    0x00, 0x00, 0x00, 0xCF, 0xFF, 0x10, 0x00, 0x00, 0x00, 0x00, 0x00, 0x00, 0x00, 0x00, 0x00, 0x02, 0xFF, 0xFB, 0x00, 0x00,
    0x00, 0x00, 0x00, 0x00, 0x00, 0x00, 0x00, 0x00, 0x08, 0xFF, 0xF5, 0x00, 0x00, 0x00, 0x00, 0x00, 0x00, 0x00, 0x00, 0x00,
    0x00, 0x0D, 0xFF, 0xF0, 0x00, 0x00, 0x00, 0x00, 0x00, 0x00, 0x00, 0x00, 0x00, 0x00, 0x3F, 0xFF, 0xA0, 0x00, 0x00, 0x00,
    0x00, 0x00, 0x00, 0x00, 0x00, 0x00, 0x00, 0x9F, 0xFF, 0x40, 0x00, 0x00, 0x00, 0x00, 0x00, 0x00, 0x00, 0x00, 0x00, 0x00,
    0xEF, 0xFE, 0x00, 0x00, 0x00, 0x00, 0x00, 0x00, 0x00, 0x00, 0x00, 0x00, 0x04, 0xFF, 0xF9, 0x00, 0x00, 0x00, 0x00, 0x00,
    0x00, 0x00, 0x00, 0x00, 0x00, 0x0A, 0xFF, 0xF3, 0x00, 0x00, 0x00, 0x00, 0x00, 0x00, 0x00, 0x00, 0x00, 0x00, 0x0F, 0xFF,
    0xE0, 0x00, 0x00, 0x00, 0x00, 0x00, 0x00, 0x00, 0x00, 0x00, 0x00, 0x5F, 0xFF, 0x80, 0x00, 0x00, 0x00, 0x00, 0x00, 0x00,
    0x00, 0x00, 0x00, 0x00, 0xAF, 0xFF, 0x20, 0x00, 0x00, 0x00, 0x00, 0x00, 0x00, 0x00, 0x00, 0x00, 0x01, 0xFF, 0xFD, 0x00,
    0x00, 0x00, 0x00, 0x00, 0x00, 0x00, 0x00, 0x00, 0x00, 0x06, 0xFF, 0xF7, 0x00, 0x00, 0x00, 0x00, 0x00, 0x00, 0x00, 0x00,
    0x00, 0x00, 0x0B, 0xFF, 0xF2, 0x00, 0x00, 0x00, 0x00, 0x00, 0x00, 0x00, 0x00, 0x00, 0x00, 0x1F, 0xFF, 0xC0, 0x00, 0x00,
    0x00, 0x00, 0x00, 0x00, 0x00, 0x00, 0x00, 0x00, 0x7F, 0xFF, 0x60, 0x00, 0x00, 0x00, 0x00, 0x00, 0x00, 0x00, 0x00, 0x00,
    0x00, 0xCF, 0xFF, 0x10, 0x00, 0x00, 0x00, 0x00, 0x00, 0x00, 0x00, 0x00, 0x00, 0x02, 0xFF, 0xFB, 0x00, 0x00, 0x00, 0x00,
    0x00, 0x00, 0x00, 0x00, 0x00, 0x00, 0x08, 0xFF, 0xF6, 0x00, 0x00, 0x00, 0x00, 0x00, 0x00, 0x00, 0x00, 0x00, 0x00, 0x0D,
    0xFF, 0xF0, 0x00, 0x00, 0x00, 0x00, 0x00, 0x00, 0x00, 0x00, 0x00, 0x00, 0x3F, 0xFF, 0xA0, 0x00, 0x00, 0x00, 0x00, 0x00,
    0x00, 0x00, 0x00, 0x00, 0x00, 0x9F, 0xFF, 0x50, 0x00, 0x00, 0x00, 0x00, 0x00, 0x00, 0x00, 0x00, 0x00, 0x00, 0xEF, 0xFF,
    0x00, 0x00, 0x00, 0x00, 0x00, 0x00, 0x00, 0x00, 0x00, 0x00, 0x04, 0xFF, 0xFA, 0x00, 0x00, 0x00, 0x00, 0x00, 0x00, 0x00,
    0x00, 0x00, 0x00, 0x09, 0xFF, 0xF4, 0x00, 0x00, 0x00, 0x00, 0x00, 0x00, 0x00, 0x00, 0x00, 0x00, 0x0F, 0xFF, 0xE0, 0x00,
    0x00, 0x00, 0x00, 0x00, 0x00, 0x00, 0x00, 0x00, 0x00, 0x5F, 0xFF, 0x90, 0x00, 0x00, 0x00, 0x00, 0x00, 0x00, 0x00, 0x00,
    0x00, 0x00, 0xAF, 0xFF, 0x30, 0x00, 0x00, 0x00, 0x00, 0x00, 0x00, 0x00, 0x00, 0x00, 0x00, 0xFF, 0xFD, 0x00, 0x00, 0x00,
    0x00, 0x00, 0x00, 0x00, 0x00, 0x00, 0x00, 0x06, 0xFF, 0xF8, 0x00, 0x00, 0x00, 0x00, 0x00, 0x00, 0x00, 0x00, 0x00, 0x00,
    0x0B, 0xFF, 0xF2, 0x00, 0x00, 0x00, 0x00, 0x00, 0x00, 0x00, 0x00, 0x00, 0x00, 0x1F, 0xFF, 0xD0, 0x00, 0x00, 0x00, 0x00,
    0x00, 0x00, 0x00, 0x00, 0x00, 0x00, 0x7F, 0xFF, 0x70, 0x00, 0x00, 0x00, 0x00, 0x00, 0x00, 0x00, 0x00, 0x00, 0x00, 0xCF,
    0xFF, 0x10, 0x00, 0x00, 0x00, 0x00, 0x00, 0x00, 0x00, 0x00, 0x00, 0x02, 0xFF, 0xFC, 0x00, 0x00, 0x00, 0x00, 0x00, 0x00,
    0x00, 0x00, 0x00, 0x00, 0x08, 0xFF, 0xF6, 0x00, 0x00, 0x00, 0x00, 0x00, 0x00, 0x00, 0x00, 0x00, 0x00, 0x0D, 0xFF, 0xF1,
    0x00, 0x00, 0x00, 0x00, 0x00, 0x00, 0x00, 0x00, 0x00, 0x00, 0x3F, 0xFF, 0xB0, 0x00, 0x00, 0x00, 0x00, 0x00, 0x00, 0x00,
    0x00, 0x00, 0x00, 0x8F, 0xFF, 0x50, 0x00, 0x00, 0x00, 0x00, 0x00, 0x00, 0x00, 0x00, 0x00, 0x00, 0xEF, 0xFF, 0x00, 0x00,
    0x00, 0x00, 0x00, 0x00, 0x00, 0x00, 0x00, 0x00, 0x04, 0xFF, 0xFA, 0x00, 0x00, 0x00, 0x00, 0x00, 0x00, 0x00, 0x00, 0x00,
    0x00, 0x09, 0xFF, 0xF5, 0x00, 0x00, 0x00, 0x00, 0x00, 0x00, 0x00, 0x00, 0x00, 0x00, 0x0F, 0xFF, 0xE0, 0x00, 0x00, 0x00,
    0x00, 0x00, 0x00, 0x00, 0x00, 0x00, 0x00, 0x5F, 0xFF, 0x90, 0x00, 0x00, 0x00, 0x00, 0x00, 0x00, 0x00, 0x00, 0x00, 0x00,
    0xAF, 0xFF, 0x40, 0x00, 0x00, 0x00, 0x00, 0x00, 0x00, 0x00, 0x00, 0x00, 0x00, 0xFF, 0xFE, 0x00, 0x00, 0x00, 0x00, 0x00,
    0x00, 0x00, 0x00, 0x00, 0x00, 0x06, 0xFF, 0xF8, 0x00, 0x00, 0x00, 0x00, 0x00, 0x00, 0x00, 0x00, 0x00, 0x00, 0x0B, 0xFF,
    0xF3, 0x00, 0x00, 0x00, 0x00, 0x00, 0x00, 0x00, 0x00, 0x00, 0x00, 0x1F, 0xFF, 0xD0, 0x00, 0x00, 0x00, 0x00, 0x00, 0x00,
    0x00, 0x00, 0x00, 0x00, 0x7F, 0xFF, 0x80, 0x00, 0x00, 0x00, 0x00, 0x00, 0x00, 0x00, 0x00, 0x00, 0x00, 0xCF, 0xFF, 0x20,
    0x00, 0x00, 0x00, 0x00, 0x00, 0x00, 0x00, 0x00, 0x00, 0x02, 0xFF, 0xFC, 0x00, 0x00, 0x00, 0x00, 0x00, 0x00, 0x00, 0x00,
    0x00, 0x00, 0x07, 0xFF, 0xF7, 0x00, 0x00, 0x00, 0x00, 0x00, 0x00, 0x00, 0x00, 0x00, 0x00, 0x0D, 0xFF, 0xF1, 0x00, 0x00,
    0x00, 0x00, 0x00, 0x00, 0x00, 0x00, 0x00, 0x00, 0x3F, 0xFF, 0xC0, 0x00, 0x00, 0x00, 0x00, 0x00, 0x00, 0x00, 0x00, 0x00,
    0x00, 0x00, 0x00, 0x00, 0x00, 0x00, 0x00, 0x28, 0xCE, 0xFF, 0xEB, 0x71, 0x00, 0x00, 0x00, 0x00, 0x00, 0x00, 0x00, 0x00,
    0x00, 0x00, 0x00, 0x2B, 0xFF, 0xFF, 0xFF, 0xFF, 0xFF, 0x91, 0x00, 0x00, 0x00, 0x00, 0x00, 0x00, 0x00, 0x00, 0x00, 0x05,
    0xFF, 0xFF, 0xFF, 0xFF, 0xFF, 0xFF, 0xFE, 0x20, 0x00, 0x00, 0x00, 0x00, 0x00, 0x00, 0x00, 0x00, 0x5F, 0xFF, 0xFF, 0xFF,
    0xFF, 0xFF, 0xFF, 0xFF, 0xF2, 0x00, 0x00, 0x00, 0x00, 0x00, 0x00, 0x00, 0x03, 0xFF, 0xFF, 0xFD, 0x62, 0x00, 0x27, 0xEF,
    0xFF, 0xFE, 0x10, 0x00, 0x00, 0x00, 0x00, 0x00, 0x00, 0x0D, 0xFF, 0xFF, 0x80, 0x00, 0x00, 0x00, 0x1B, 0xFF, 0xFF, 0xA0,
    0x00, 0x00, 0x00, 0x00, 0x00, 0x00, 0x7F, 0xFF, 0xF8, 0x00, 0x00, 0x00, 0x00, 0x00, 0xBF, 0xFF, 0xF3, 0x00, 0x00, 0x00,
    0x00, 0x00, 0x00, 0xEF, 0xFF, 0xC0, 0x00, 0x00, 0x00, 0x00, 0x00, 0x1E, 0xFF, 0xFC, 0x00, 0x00, 0x00, 0x00, 0x00, 0x05,
    0xFF, 0xFF, 0x30, 0x00, 0x00, 0x00, 0x00, 0x00, 0x06, 0xFF, 0xFF, 0x20, 0x00, 0x00, 0x00, 0x00, 0x0B, 0xFF, 0xFC, 0x00,
    0x00, 0x00, 0x00, 0x00, 0x00, 0x00, 0xEF, 0xFF, 0x80, 0x00, 0x00, 0x00, 0x00, 0x1F, 0xFF, 0xF6, 0x00, 0x00, 0x00, 0x00,
    0x00, 0x00, 0x00, 0x9F, 0xFF, 0xE0, 0x00, 0x00, 0x00, 0x00, 0x5F, 0xFF, 0xF1, 0x00, 0x00, 0x00, 0x00, 0x00, 0x00, 0x00,
    0x3F, 0xFF, 0xF2, 0x00, 0x00, 0x00, 0x00, 0x8F, 0xFF, 0xC0, 0x00, 0x00, 0x00, 0x00, 0x00, 0x00, 0x00, 0x0F, 0xFF, 0xF6,
    0x00, 0x00, 0x00, 0x00, 0xCF, 0xFF, 0x90, 0x00, 0x00, 0x00, 0x00, 0x00, 0x00, 0x00, 0x0C, 0xFF, 0xF9, 0x00, 0x00, 0x00,
    0x00, 0xEF, 0xFF, 0x60, 0x00, 0x00, 0x00, 0x00, 0x00, 0x00, 0x00, 0x08, 0xFF, 0xFC, 0x00, 0x00, 0x00, 0x01, 0xFF, 0xFF,
    0x30, 0x00, 0x00, 0x00, 0x00, 0x00, 0x00, 0x00, 0x06, 0xFF, 0xFE, 0x00, 0x00, 0x00, 0x02, 0xFF, 0xFF, 0x10, 0x00, 0x00,
    0x00, 0x00, 0x00, 0x00, 0x00, 0x04, 0xFF, 0xFF, 0x00, 0x00, 0x00, 0x04, 0xFF, 0xFF, 0x00, 0x00, 0x00, 0x00, 0x00, 0x00,
    0x00, 0x00, 0x02, 0xFF, 0xFF, 0x10, 0x00, 0x00, 0x05, 0xFF, 0xFE, 0x00, 0x00, 0x00, 0x00, 0x00, 0x00, 0x00, 0x00, 0x01,
    0xFF, 0xFF, 0x20, 0x00, 0x00, 0x06, 0xFF, 0xFE, 0x00, 0x00, 0x00, 0x00, 0x00, 0x00, 0x00, 0x00, 0x00, 0xFF, 0xFF, 0x30,
    0x00, 0x00, 0x06, 0xFF, 0xFD, 0x00, 0x00, 0x00, 0x00, 0x00, 0x00, 0x00, 0x00, 0x00, 0xFF, 0xFF, 0x40, 0x00, 0x00, 0x07,
    0xFF, 0xFD, 0x00, 0x00, 0x00, 0x00, 0x00, 0x00, 0x00, 0x00, 0x00, 0xFF, 0xFF, 0x40, 0x00, 0x00, 0x07, 0xFF, 0xFC, 0x00,
    0x00, 0x00, 0x00, 0x00, 0x00, 0x00, 0x00, 0x00, 0xFF, 0xFF, 0x40, 0x00, 0x00, 0x06, 0xFF, 0xFD, 0x00, 0x00, 0x00, 0x00,
    0x00, 0x00, 0x00, 0x00, 0x00, 0xFF, 0xFF, 0x40, 0x00, 0x00, 0x06, 0xFF, 0xFE, 0x00, 0x00, 0x00, 0x00, 0x00, 0x00, 0x00,
    0x00, 0x00, 0xFF, 0xFF, 0x30, 0x00, 0x00, 0x05, 0xFF, 0xFE, 0x00, 0x00, 0x00, 0x00, 0x00, 0x00, 0x00, 0x00, 0x01, 0xFF,
    0xFF, 0x20, 0x00, 0x00, 0x04, 0xFF, 0xFF, 0x00, 0x00, 0x00, 0x00, 0x00, 0x00, 0x00, 0x00, 0x02, 0xFF, 0xFF, 0x10, 0x00,
    0x00, 0x02, 0xFF, 0xFF, 0x10, 0x00, 0x00, 0x00, 0x00, 0x00, 0x00, 0x00, 0x04, 0xFF, 0xFF, 0x00, 0x00, 0x00, 0x00, 0xFF,
    0xFF, 0x30, 0x00, 0x00, 0x00, 0x00, 0x00, 0x00, 0x00, 0x05, 0xFF, 0xFE, 0x00, 0x00, 0x00, 0x00, 0xEF, 0xFF, 0x60, 0x00,
    0x00, 0x00, 0x00, 0x00, 0x00, 0x00, 0x08, 0xFF, 0xFC, 0x00, 0x00, 0x00, 0x00, 0xCF, 0xFF, 0x90, 0x00, 0x00, 0x00, 0x00,
    0x00, 0x00, 0x00, 0x0B, 0xFF, 0xF9, 0x00, 0x00, 0x00, 0x00, 0x8F, 0xFF, 0xC0, 0x00, 0x00, 0x00, 0x00, 0x00, 0x00, 0x00,
    0x0E, 0xFF, 0xF6, 0x00, 0x00, 0x00, 0x00, 0x5F, 0xFF, 0xF1, 0x00, 0x00, 0x00, 0x00, 0x00, 0x00, 0x00, 0x3F, 0xFF, 0xF2,
    0x00, 0x00, 0x00, 0x00, 0x1F, 0xFF, 0xF6, 0x00, 0x00, 0x00, 0x00, 0x00, 0x00, 0x00, 0x9F, 0xFF, 0xE0, 0x00, 0x00, 0x00,
    0x00, 0x0B, 0xFF, 0xFB, 0x00, 0x00, 0x00, 0x00, 0x00, 0x00, 0x00, 0xEF, 0xFF, 0x80, 0x00, 0x00, 0x00, 0x00, 0x05, 0xFF,
    0xFF, 0x40, 0x00, 0x00, 0x00, 0x00, 0x00, 0x07, 0xFF, 0xFF, 0x20, 0x00, 0x00, 0x00, 0x00, 0x00, 0xEF, 0xFF, 0xC0, 0x00,
    0x00, 0x00, 0x00, 0x00, 0x1F, 0xFF, 0xFC, 0x00, 0x00, 0x00, 0x00, 0x00, 0x00, 0x6F, 0xFF, 0xF9, 0x00, 0x00, 0x00, 0x00,
    0x00, 0xCF, 0xFF, 0xF3, 0x00, 0x00, 0x00, 0x00, 0x00, 0x00, 0x0D, 0xFF, 0xFF, 0x80, 0x00, 0x00, 0x00, 0x1B, 0xFF, 0xFF,
    0xA0, 0x00, 0x00, 0x00, 0x00, 0x00, 0x00, 0x02, 0xFF, 0xFF, 0xFD, 0x62, 0x00, 0x27, 0xEF, 0xFF, 0xFE, 0x10, 0x00, 0x00,
    0x00, 0x00, 0x00, 0x00, 0x00, 0x5F, 0xFF, 0xFF, 0xFF, 0xFF, 0xFF, 0xFF, 0xFF, 0xF2, 0x00, 0x00, 0x00, 0x00, 0x00, 0x00,
    0x00, 0x00, 0x04, 0xFF, 0xFF, 0xFF, 0xFF, 0xFF, 0xFF, 0xFE, 0x20, 0x00, 0x00, 0x00, 0x00, 0x00, 0x00, 0x00, 0x00, 0x00,
    0x1B, 0xFF, 0xFF, 0xFF, 0xFF, 0xFF, 0x91, 0x00, 0x00, 0x00, 0x00, 0x00, 0x00, 0x00, 0x00, 0x00, 0x00, 0x00, 0x28, 0xCE,
    0xFF, 0xEB, 0x71, 0x00, 0x00, 0x00, 0x00, 0x00, 0x00, 0x00, 0x00, 0x00, 0x00, 0x00, 0x00, 0x00, 0x00, 0x01, 0xEF, 0xF3,
    0x00, 0x00, 0x00, 0x00, 0x00, 0x00, 0x00, 0x00, 0x00, 0x00, 0x00, 0x00, 0x00, 0x00, 0x0C, 0xFF, 0xF3, 0x00, 0x00, 0x00,
    0x00, 0x00, 0x00, 0x00, 0x00, 0x00, 0x00, 0x00, 0x00, 0x00, 0x00, 0xBF, 0xFF, 0xF3, 0x00, 0x00, 0x00, 0x00, 0x00, 0x00,
    0x00, 0x00, 0x00, 0x00, 0x00, 0x00, 0x00, 0x0A, 0xFF, 0xFF, 0xF3, 0x00, 0x00, 0x00, 0x00, 0x00, 0x00, 0x00, 0x00, 0x00,
    0x00, 0x00, 0x00, 0x01, 0xBF, 0xFF, 0xFF, 0xF3, 0x00, 0x00, 0x00, 0x00, 0x00, 0x00, 0x00, 0x00, 0x00, 0x00, 0x00, 0x00,
    0x3D, 0xFF, 0xFF, 0xFF, 0xF3, 0x00, 0x00, 0x00, 0x00, 0x00, 0x00, 0x00, 0x00, 0x00, 0x00, 0x00, 0x08, 0xFF, 0xFF, 0xCC,
    0xFF, 0xF3, 0x00, 0x00, 0x00, 0x00, 0x00, 0x00, 0x00, 0x00, 0x00, 0x00, 0x05, 0xEF, 0xFF, 0xFD, 0x1B, 0xFF, 0xF3, 0x00,
    0x00, 0x00, 0x00, 0x00, 0x00, 0x00, 0x00, 0x00, 0x17, 0xEF, 0xFF, 0xFF, 0xB1, 0x0B, 0xFF, 0xF3, 0x00, 0x00, 0x00, 0x00,
    0x00, 0x00, 0x00, 0x00, 0x00, 0x7F, 0xFF, 0xFF, 0xF8, 0x00, 0x0B, 0xFF, 0xF3, 0x00, 0x00, 0x00, 0x00, 0x00, 0x00, 0x00,
    0x00, 0x00, 0x2F, 0xFF, 0xFD, 0x30, 0x00, 0x0B, 0xFF, 0xF3, 0x00, 0x00, 0x00, 0x00, 0x00, 0x00, 0x00, 0x00, 0x00, 0x0D,
    0xFF, 0x80, 0x00, 0x00, 0x0B, 0xFF, 0xF3, 0x00, 0x00, 0x00, 0x00, 0x00, 0x00, 0x00, 0x00, 0x00, 0x08, 0x92, 0x00, 0x00,
    0x00, 0x0B, 0xFF, 0xF3, 0x00, 0x00, 0x00, 0x00, 0x00, 0x00, 0x00, 0x00, 0x00, 0x00, 0x00, 0x00, 0x00, 0x00, 0x0B, 0xFF,
    0xF3, 0x00, 0x00, 0x00, 0x00, 0x00, 0x00, 0x00, 0x00, 0x00, 0x00, 0x00, 0x00, 0x00, 0x00, 0x0B, 0xFF, 0xF3, 0x00, 0x00,
    0x00, 0x00, 0x00, 0x00, 0x00, 0x00, 0x00, 0x00, 0x00, 0x00, 0x00, 0x00, 0x0B, 0xFF, 0xF3, 0x00, 0x00, 0x00, 0x00, 0x00,
    0x00, 0x00, 0x00, 0x00, 0x00, 0x00, 0x00, 0x00, 0x00, 0x0B, 0xFF, 0xF3, 0x00, 0x00, 0x00, 0x00, 0x00, 0x00, 0x00, 0x00,
    0x00, 0x00, 0x00, 0x00, 0x00, 0x00, 0x0B, 0xFF, 0xF3, 0x00, 0x00, 0x00, 0x00, 0x00, 0x00, 0x00, 0x00, 0x00, 0x00, 0x00,
    0x00, 0x00, 0x00, 0x0B, 0xFF, 0xF3, 0x00, 0x00, 0x00, 0x00, 0x00, 0x00, 0x00, 0x00, 0x00, 0x00, 0x00, 0x00, 0x00, 0x00,
    0x0B, 0xFF, 0xF3, 0x00, 0x00, 0x00, 0x00, 0x00, 0x00, 0x00, 0x00, 0x00, 0x00, 0x00, 0x00, 0x00, 0x00, 0x0B, 0xFF, 0xF3,
    0x00, 0x00, 0x00, 0x00, 0x00, 0x00, 0x00, 0x00, 0x00, 0x00, 0x00, 0x00, 0x00, 0x00, 0x0B, 0xFF, 0xF3, 0x00, 0x00, 0x00,
    0x00, 0x00, 0x00, 0x00, 0x00, 0x00, 0x00, 0x00, 0x00, 0x00, 0x00, 0x0B, 0xFF, 0xF3, 0x00, 0x00, 0x00, 0x00, 0x00, 0x00,
    0x00, 0x00, 0x00, 0x00, 0x00, 0x00, 0x00, 0x00, 0x0B, 0xFF, 0xF3, 0x00, 0x00, 0x00, 0x00, 0x00, 0x00, 0x00, 0x00, 0x00,
    0x00, 0x00, 0x00, 0x00, 0x00, 0x0B, 0xFF, 0xF3, 0x00, 0x00, 0x00, 0x00, 0x00, 0x00, 0x00, 0x00, 0x00, 0x00, 0x00, 0x00,
    0x00, 0x00, 0x0B, 0xFF, 0xF3, 0x00, 0x00, 0x00, 0x00, 0x00, 0x00, 0x00, 0x00, 0x00, 0x00, 0x00, 0x00, 0x00, 0x00, 0x0B,
    0xFF, 0xF3, 0x00, 0x00, 0x00, 0x00, 0x00, 0x00, 0x00, 0x00, 0x00, 0x00, 0x00, 0x00, 0x00, 0x00, 0x0B, 0xFF, 0xF3, 0x00,
    0x00, 0x00, 0x00, 0x00, 0x00, 0x00, 0x00, 0x00, 0x00, 0x00, 0x00, 0x00, 0x00, 0x0B, 0xFF, 0xF3, 0x00, 0x00, 0x00, 0x00,
    0x00, 0x00, 0x00, 0x00, 0x00, 0x00, 0x00, 0x00, 0x00, 0x00, 0x0B, 0xFF, 0xF3, 0x00, 0x00, 0x00, 0x00, 0x00, 0x00, 0x00,
    0x00, 0x00, 0x00, 0x00, 0x00, 0x00, 0x00, 0x0B, 0xFF, 0xF3, 0x00, 0x00, 0x00, 0x00, 0x00, 0x00, 0x00, 0x00, 0x00, 0x00,
    0x00, 0x00, 0x00, 0x00, 0x0B, 0xFF, 0xF3, 0x00, 0x00, 0x00, 0x00, 0x00, 0x00, 0x00, 0x00, 0x00, 0x00, 0x00, 0x00, 0x00,
    0x00, 0x0B, 0xFF, 0xF3, 0x00, 0x00, 0x00, 0x00, 0x00, 0x00, 0x00, 0x00, 0x00, 0x00, 0x00, 0x00, 0x00, 0x00, 0x0B, 0xFF,
    0xF3, 0x00, 0x00, 0x00, 0x00, 0x00, 0x00, 0x00, 0x00, 0x00, 0x00, 0x00, 0x00, 0x00, 0x00, 0x0B, 0xFF, 0xF3, 0x00, 0x00,
    0x00, 0x00, 0x00, 0x00, 0x00, 0x00, 0x00, 0x00, 0x00, 0x00, 0x00, 0x00, 0x0B, 0xFF, 0xF3, 0x00, 0x00, 0x00, 0x00, 0x00,
    0x00, 0x00, 0x00, 0x00, 0x00, 0x00, 0x00, 0x00, 0x00, 0x0B, 0xFF, 0xF3, 0x00, 0x00, 0x00, 0x00, 0x00, 0x00, 0x00, 0x00,
    0x00, 0x00, 0x00, 0x00, 0x00, 0x00, 0x0B, 0xFF, 0xF3, 0x00, 0x00, 0x00, 0x00, 0x00, 0x00, 0x00, 0x00, 0x00, 0x00, 0x00,
    0x00, 0x00, 0x00, 0x0B, 0xFF, 0xF3, 0x00, 0x00, 0x00, 0x00, 0x00, 0x00, 0x00, 0x00, 0x00, 0x00, 0x00, 0x00, 0x00, 0x00,
    0x0B, 0xFF, 0xF3, 0x00, 0x00, 0x00, 0x00, 0x00, 0x00, 0x00, 0x00, 0x00, 0x00, 0x00, 0x00, 0x00, 0x00, 0x0B, 0xFF, 0xF3,
    0x00, 0x00, 0x00, 0x00, 0x00, 0x00, 0x00, 0x00, 0x00, 0x00, 0x00, 0x00, 0x00, 0x00, 0x0B, 0xFF, 0xF3, 0x00, 0x00, 0x00,
    0x00, 0x00, 0x00, 0x00, 0x00, 0x00, 0x00, 0x00, 0x38, 0xBE, 0xFF, 0xED, 0xB7, 0x30, 0x00, 0x00, 0x00, 0x00, 0x00, 0x00,
    0x00, 0x00, 0x00, 0x00, 0x6D, 0xFF, 0xFF, 0xFF, 0xFF, 0xFF, 0xFC, 0x40, 0x00, 0x00, 0x00, 0x00, 0x00, 0x00, 0x00, 0x00,
    0x4E, 0xFF, 0xFF, 0xFF, 0xFF, 0xFF, 0xFF, 0xFF, 0xF9, 0x00, 0x00, 0x00, 0x00, 0x00, 0x00, 0x00, 0x08, 0xFF, 0xFF, 0xFF,
    0xFF, 0xFF, 0xFF, 0xFF, 0xFF, 0xFF, 0xA0, 0x00, 0x00, 0x00, 0x00, 0x00, 0x00, 0x9F, 0xFF, 0xFF, 0xF9, 0x52, 0x00, 0x14,
    0x8E, 0xFF, 0xFF, 0xF7, 0x00, 0x00, 0x00, 0x00, 0x00, 0x00, 0x5F, 0xFF, 0xF7, 0x00, 0x00, 0x00, 0x00, 0x00, 0x8F, 0xFF,
    0xFF, 0x10, 0x00, 0x00, 0x00, 0x00, 0x00, 0x0B, 0xFB, 0x10, 0x00, 0x00, 0x00, 0x00, 0x00, 0x06, 0xFF, 0xFF, 0x80, 0x00,
    0x00, 0x00, 0x00, 0x00, 0x01, 0x80, 0x00, 0x00, 0x00, 0x00, 0x00, 0x00, 0x00, 0xBF, 0xFF, 0xD0, 0x00, 0x00, 0x00, 0x00,
    0x00, 0x00, 0x00, 0x00, 0x00, 0x00, 0x00, 0x00, 0x00, 0x00, 0x4F, 0xFF, 0xF1, 0x00, 0x00, 0x00, 0x00, 0x00, 0x00, 0x00,
    0x00, 0x00, 0x00, 0x00, 0x00, 0x00, 0x00, 0x0F, 0xFF, 0xF3, 0x00, 0x00, 0x00, 0x00, 0x00, 0x00, 0x00, 0x00, 0x00, 0x00,
    0x00, 0x00, 0x00, 0x00, 0x0E, 0xFF, 0xF4, 0x00, 0x00, 0x00, 0x00, 0x00, 0x00, 0x00, 0x00, 0x00, 0x00, 0x00, 0x00, 0x00,
    0x00, 0x0D, 0xFF, 0xF5, 0x00, 0x00, 0x00, 0x00, 0x00, 0x00, 0x00, 0x00, 0x00, 0x00, 0x00, 0x00, 0x00, 0x00, 0x0E, 0xFF,
    0xF4, 0x00, 0x00, 0x00, 0x00, 0x00, 0x00, 0x00, 0x00, 0x00, 0x00, 0x00, 0x00, 0x00, 0x00, 0x0F, 0xFF, 0xF2, 0x00, 0x00,
    0x00, 0x00, 0x00, 0x00, 0x00, 0x00, 0x00, 0x00, 0x00, 0x00, 0x00, 0x00, 0x4F, 0xFF, 0xE0, 0x00, 0x00, 0x00, 0x00, 0x00,
    0x00, 0x00, 0x00, 0x00, 0x00, 0x00, 0x00, 0x00, 0x00, 0xAF, 0xFF, 0x90, 0x00, 0x00, 0x00, 0x00, 0x00, 0x00, 0x00, 0x00,
    0x00, 0x00, 0x00, 0x00, 0x00, 0x02, 0xFF, 0xFF, 0x30, 0x00, 0x00, 0x00, 0x00, 0x00, 0x00, 0x00, 0x00, 0x00, 0x00, 0x00,
    0x00, 0x00, 0x0B, 0xFF, 0xFB, 0x00, 0x00, 0x00, 0x00, 0x00, 0x00, 0x00, 0x00, 0x00, 0x00, 0x00, 0x00, 0x00, 0x00, 0x6F,
    0xFF, 0xF2, 0x00, 0x00, 0x00, 0x00, 0x00, 0x00, 0x00, 0x00, 0x00, 0x00, 0x00, 0x00, 0x00, 0x04, 0xFF, 0xFF, 0x70, 0x00,
    0x00, 0x00, 0x00, 0x00, 0x00, 0x00, 0x00, 0x00, 0x00, 0x00, 0x00, 0x00, 0x2F, 0xFF, 0xFB, 0x00, 0x00, 0x00, 0x00, 0x00,
    0x00, 0x00, 0x00, 0x00, 0x00, 0x00, 0x00, 0x00, 0x02, 0xEF, 0xFF, 0xE1, 0x00, 0x00, 0x00, 0x00, 0x00, 0x00, 0x00, 0x00,
    0x00, 0x00, 0x00, 0x00, 0x00, 0x2E, 0xFF, 0xFE, 0x20, 0x00, 0x00, 0x00, 0x00, 0x00, 0x00, 0x00, 0x00, 0x00, 0x00, 0x00,
    0x00, 0x02, 0xEF, 0xFF, 0xF3, 0x00, 0x00, 0x00, 0x00, 0x00, 0x00, 0x00, 0x00, 0x00, 0x00, 0x00, 0x00, 0x00, 0x2E, 0xFF,
    0xFF, 0x30, 0x00, 0x00, 0x00, 0x00, 0x00, 0x00, 0x00, 0x00, 0x00, 0x00, 0x00, 0x00, 0x02, 0xEF, 0xFF, 0xE3, 0x00, 0x00,
    0x00, 0x00, 0x00, 0x00, 0x00, 0x00, 0x00, 0x00, 0x00, 0x00, 0x00, 0x2E, 0xFF, 0xFE, 0x30, 0x00, 0x00, 0x00, 0x00, 0x00,
    0x00, 0x00, 0x00, 0x00, 0x00, 0x00, 0x00, 0x02, 0xEF, 0xFF, 0xE2, 0x00, 0x00, 0x00, 0x00, 0x00, 0x00, 0x00, 0x00, 0x00,
    0x00, 0x00, 0x00, 0x00, 0x1E, 0xFF, 0xFE, 0x30, 0x00, 0x00, 0x00, 0x00, 0x00, 0x00, 0x00, 0x00, 0x00, 0x00, 0x00, 0x00,
    0x01, 0xDF, 0xFF, 0xE3, 0x00, 0x00, 0x00, 0x00, 0x00, 0x00, 0x00, 0x00, 0x00, 0x00, 0x00, 0x00, 0x00, 0x0B, 0xFF, 0xFF,
    0x30, 0x00, 0x00, 0x00, 0x00, 0x00, 0x00, 0x00, 0x00, 0x00, 0x00, 0x00, 0x00, 0x00, 0x8F, 0xFF, 0xF4, 0x00, 0x00, 0x00,
    0x00, 0x00, 0x00, 0x00, 0x00, 0x00, 0x00, 0x00, 0x00, 0x00, 0x02, 0xFF, 0xFF, 0x50, 0x00, 0x00, 0x00, 0x00, 0x00, 0x00,
    0x00, 0x00, 0x00, 0x00, 0x00, 0x00, 0x00, 0x0C, 0xFF, 0xF8, 0x00, 0x00, 0x00, 0x00, 0x00, 0x00, 0x00, 0x00, 0x00, 0x00,
    0x00, 0x00, 0x00, 0x00, 0x5F, 0xFF, 0xC0, 0x00, 0x00, 0x00, 0x00, 0x00, 0x00, 0x00, 0x00, 0x00, 0x00, 0x00, 0x00, 0x00,
    0x00, 0xDF, 0xFF, 0x30, 0x00, 0x00, 0x00, 0x00, 0x00, 0x00, 0x00, 0x00, 0x00, 0x00, 0x00, 0x00, 0x00, 0x04, 0xFF, 0xFB,
    0x00, 0x00, 0x00, 0x00, 0x00, 0x00, 0x00, 0x00, 0x00, 0x00, 0x00, 0x00, 0x00, 0x00, 0x09, 0xFF, 0xF6, 0x00, 0x00, 0x00,
    0x00, 0x00, 0x00, 0x00, 0x00, 0x00, 0x00, 0x00, 0x00, 0x00, 0x00, 0x0E, 0xFF, 0xF3, 0x00, 0x00, 0x00, 0x00, 0x00, 0x00,
    0x00, 0x00, 0x00, 0x00, 0x00, 0x00, 0x00, 0x00, 0x0F, 0xFF, 0xFF, 0xFF, 0xFF, 0xFF, 0xFF, 0xFF, 0xFF, 0xFF, 0xFF, 0xFF,
    0xC0, 0x00, 0x00, 0x00, 0x00, 0x2F, 0xFF, 0xFF, 0xFF, 0xFF, 0xFF, 0xFF, 0xFF, 0xFF, 0xFF, 0xFF, 0xFF, 0xC0, 0x00, 0x00,
    0x00, 0x00, 0x3F, 0xFF, 0xFF, 0xFF, 0xFF, 0xFF, 0xFF, 0xFF, 0xFF, 0xFF, 0xFF, 0xFF, 0xC0, 0x00, 0x00, 0x00, 0x00, 0x2F,
    0xFF, 0xFF, 0xFF, 0xFF, 0xFF, 0xFF, 0xFF, 0xFF, 0xFF, 0xFF, 0xFF, 0xC0, 0x00, 0x00, 0x00, 0x00, 0x00, 0x00, 0x01, 0x5A,
    0xDE, 0xFF, 0xEC, 0x95, 0x10, 0x00, 0x00, 0x00, 0x00, 0x00, 0x00, 0x00, 0x00, 0x00, 0x04, 0xBF, 0xFF, 0xFF, 0xFF, 0xFF,
    0xFF, 0xF9, 0x20, 0x00, 0x00, 0x00, 0x00, 0x00, 0x00, 0x00, 0x03, 0xCF, 0xFF, 0xFF, 0xFF, 0xFF, 0xFF, 0xFF, 0xFF, 0xF5,
    0x00, 0x00, 0x00, 0x00, 0x00, 0x00, 0x00, 0x0C, 0xFF, 0xFF, 0xFF, 0xFF, 0xFF, 0xFF, 0xFF, 0xFF, 0xFF, 0x50, 0x00, 0x00,
    0x00, 0x00, 0x00, 0x00, 0x04, 0xFF, 0xFE, 0x94, 0x20, 0x00, 0x25, 0xAF, 0xFF, 0xFF, 0xF3, 0x00, 0x00, 0x00, 0x00, 0x00,
    0x00, 0x00, 0xCF, 0x80, 0x00, 0x00, 0x00, 0x00, 0x02, 0xCF, 0xFF, 0xFB, 0x00, 0x00, 0x00, 0x00, 0x00, 0x00, 0x00, 0x32,
    0x00, 0x00, 0x00, 0x00, 0x00, 0x00, 0x0B, 0xFF, 0xFF, 0x20, 0x00, 0x00, 0x00, 0x00, 0x00, 0x00, 0x00, 0x00, 0x00, 0x00,
    0x00, 0x00, 0x00, 0x01, 0xFF, 0xFF, 0x70, 0x00, 0x00, 0x00, 0x00, 0x00, 0x00, 0x00, 0x00, 0x00, 0x00, 0x00, 0x00, 0x00,
    0x00, 0xAF, 0xFF, 0xB0, 0x00, 0x00, 0x00, 0x00, 0x00, 0x00, 0x00, 0x00, 0x00, 0x00, 0x00, 0x00, 0x00, 0x00, 0x6F, 0xFF,
    0xD0, 0x00, 0x00, 0x00, 0x00, 0x00, 0x00, 0x00, 0x00, 0x00, 0x00, 0x00, 0x00, 0x00, 0x00, 0x4F, 0xFF, 0xE0, 0x00, 0x00,
    0x00, 0x00, 0x00, 0x00, 0x00, 0x00, 0x00, 0x00, 0x00, 0x00, 0x00, 0x00, 0x3F, 0xFF, 0xE0, 0x00, 0x00, 0x00, 0x00, 0x00,
    0x00, 0x00, 0x00, 0x00, 0x00, 0x00, 0x00, 0x00, 0x00, 0x5F, 0xFF, 0xD0, 0x00, 0x00, 0x00, 0x00, 0x00, 0x00, 0x00, 0x00,
    0x00, 0x00, 0x00, 0x00, 0x00, 0x00, 0x8F, 0xFF, 0xA0, 0x00, 0x00, 0x00, 0x00, 0x00, 0x00, 0x00, 0x00, 0x00, 0x00, 0x00,
    0x00, 0x00, 0x00, 0xEF, 0xFF, 0x50, 0x00, 0x00, 0x00, 0x00, 0x00, 0x00, 0x00, 0x00, 0x00, 0x00, 0x00, 0x00, 0x00, 0x07,
    0xFF, 0xFE, 0x00, 0x00, 0x00, 0x00, 0x00, 0x00, 0x00, 0x00, 0x00, 0x00, 0x00, 0x00, 0x00, 0x00, 0x5F, 0xFF, 0xF5, 0x00,
    0x00, 0x00, 0x00, 0x00, 0x00, 0x00, 0x00, 0x00, 0x00, 0x00, 0x00, 0x00, 0x19, 0xFF, 0xFF, 0x90, 0x00, 0x00, 0x00, 0x00,
    0x00, 0x00, 0x00, 0x00, 0x00, 0x00, 0x00, 0x13, 0x5A, 0xFF, 0xFF, 0xF8, 0x00, 0x00, 0x00, 0x00, 0x00, 0x00, 0x00, 0x00,
    0x00, 0x00, 0x04, 0xFF, 0xFF, 0xFF, 0xFF, 0xFD, 0x40, 0x00, 0x00, 0x00, 0x00, 0x00, 0x00, 0x00, 0x00, 0x00, 0x00, 0x04,
    0xFF, 0xFF, 0xFF, 0xFF, 0x90, 0x00, 0x00, 0x00, 0x00, 0x00, 0x00, 0x00, 0x00, 0x00, 0x00, 0x00, 0x04, 0xFF, 0xFF, 0xFF,
    0xFF, 0xFF, 0x81, 0x00, 0x00, 0x00, 0x00, 0x00, 0x00, 0x00, 0x00, 0x00, 0x00, 0x04, 0xFF, 0xFF, 0xFF, 0xFF, 0xFF, 0xFE,
    0x60, 0x00, 0x00, 0x00, 0x00, 0x00, 0x00, 0x00, 0x00, 0x00, 0x00, 0x00, 0x13, 0x58, 0xDF, 0xFF, 0xFF, 0xF8, 0x00, 0x00,
    0x00, 0x00, 0x00, 0x00, 0x00, 0x00, 0x00, 0x00, 0x00, 0x00, 0x00, 0x02, 0x9F, 0xFF, 0xFF, 0x70, 0x00, 0x00, 0x00, 0x00,
    0x00, 0x00, 0x00, 0x00, 0x00, 0x00, 0x00, 0x00, 0x00, 0x03, 0xEF, 0xFF, 0xF3, 0x00, 0x00, 0x00, 0x00, 0x00, 0x00, 0x00,
    0x00, 0x00, 0x00, 0x00, 0x00, 0x00, 0x00, 0x2E, 0xFF, 0xFB, 0x00, 0x00, 0x00, 0x00, 0x00, 0x00, 0x00, 0x00, 0x00, 0x00,
    0x00, 0x00, 0x00, 0x00, 0x05, 0xFF, 0xFF, 0x30, 0x00, 0x00, 0x00, 0x00, 0x00, 0x00, 0x00, 0x00, 0x00, 0x00, 0x00, 0x00,
    0x00, 0x00, 0xEF, 0xFF, 0x70, 0x00, 0x00, 0x00, 0x00, 0x00, 0x00, 0x00, 0x00, 0x00, 0x00, 0x00, 0x00, 0x00, 0x00, 0x8F,
    0xFF, 0xB0, 0x00, 0x00, 0x00, 0x00, 0x00, 0x00, 0x00, 0x00, 0x00, 0x00, 0x00, 0x00, 0x00, 0x00, 0x6F, 0xFF, 0xD0, 0x00,
    0x00, 0x00, 0x00, 0x00, 0x00, 0x00, 0x00, 0x00, 0x00, 0x00, 0x00, 0x00, 0x00, 0x4F, 0xFF, 0xE0, 0x00, 0x00, 0x00, 0x00,
    0x00, 0x00, 0x00, 0x00, 0x00, 0x00, 0x00, 0x00, 0x00, 0x00, 0x5F, 0xFF, 0xD0, 0x00, 0x00, 0x00, 0x00, 0x00, 0x00, 0x00,
    0x00, 0x00, 0x00, 0x00, 0x00, 0x00, 0x00, 0x7F, 0xFF, 0xC0, 0x00, 0x00, 0x00, 0x00, 0x00, 0x00, 0x00, 0x00, 0x00, 0x00,
    0x00, 0x00, 0x00, 0x00, 0xBF, 0xFF, 0x90, 0x00, 0x00, 0x00, 0x00, 0x00, 0x00, 0x00, 0x00, 0x00, 0x00, 0x00, 0x00, 0x00,
    0x02, 0xFF, 0xFF, 0x50, 0x00, 0x00, 0x00, 0x00, 0x00, 0x00, 0x00, 0x00, 0x00, 0x00, 0x00, 0x00, 0x00, 0x0B, 0xFF, 0xFF,
    0x00, 0x00, 0x00, 0x00, 0x00, 0x00, 0x00, 0x00, 0x00, 0x00, 0x00, 0x00, 0x00, 0x00, 0x8F, 0xFF, 0xF7, 0x00, 0x00, 0x00,
    0x00, 0x00, 0x1D, 0x61, 0x00, 0x00, 0x00, 0x00, 0x00, 0x00, 0x2B, 0xFF, 0xFF, 0xE0, 0x00, 0x00, 0x00, 0x00, 0x00, 0x6F,
    0xFF, 0xC8, 0x42, 0x00, 0x01, 0x24, 0x7C, 0xFF, 0xFF, 0xFF, 0x20, 0x00, 0x00, 0x00, 0x00, 0x00, 0xAF, 0xFF, 0xFF, 0xFF,
    0xFF, 0xFF, 0xFF, 0xFF, 0xFF, 0xFF, 0xE3, 0x00, 0x00, 0x00, 0x00, 0x00, 0x00, 0xDF, 0xFF, 0xFF, 0xFF, 0xFF, 0xFF, 0xFF,
    0xFF, 0xFF, 0xFB, 0x10, 0x00, 0x00, 0x00, 0x00, 0x00, 0x00, 0x17, 0xCF, 0xFF, 0xFF, 0xFF, 0xFF, 0xFF, 0xFF, 0xFA, 0x40,
    0x00, 0x00, 0x00, 0x00, 0x00, 0x00, 0x00, 0x00, 0x01, 0x59, 0xBD, 0xFF, 0xFE, 0xDC, 0x85, 0x10, 0x00, 0x00, 0x00, 0x00,
    0x00, 0x00, 0x00, 0x00, 0x00, 0x00, 0x00, 0x00, 0x00, 0x00, 0x00, 0x00, 0x0C, 0xFF, 0xFB, 0x00, 0x00, 0x00, 0x00, 0x00,
    0x00, 0x00, 0x00, 0x00, 0x00, 0x00, 0x00, 0x00, 0x00, 0xCF, 0xFF, 0xFB, 0x00, 0x00, 0x00, 0x00, 0x00, 0x00, 0x00, 0x00,
    0x00, 0x00, 0x00, 0x00, 0x00, 0x0B, 0xFF, 0xFF, 0xFB, 0x00, 0x00, 0x00, 0x00, 0x00, 0x00, 0x00, 0x00, 0x00, 0x00, 0x00,
    0x00, 0x00, 0xAF, 0xFF, 0xFF, 0xFB, 0x00, 0x00, 0x00, 0x00, 0x00, 0x00, 0x00, 0x00, 0x00, 0x00, 0x00, 0x00, 0x07, 0xFF,
    0xFF, 0xFF, 0xFB, 0x00, 0x00, 0x00, 0x00, 0x00, 0x00, 0x00, 0x00, 0x00, 0x00, 0x00, 0x00, 0x5F, 0xFF, 0xF6, 0xFF, 0xFB,
    0x00, 0x00, 0x00, 0x00, 0x00, 0x00, 0x00, 0x00, 0x00, 0x00, 0x00, 0x03, 0xFF, 0xFF, 0x52, 0xFF, 0xFB, 0x00, 0x00, 0x00,
    0x00, 0x00, 0x00, 0x00, 0x00, 0x00, 0x00, 0x00, 0x0D, 0xFF, 0xF6, 0x02, 0xFF, 0xFB, 0x00, 0x00, 0x00, 0x00, 0x00, 0x00,
    0x00, 0x00, 0x00, 0x00, 0x00, 0xAF, 0xFF, 0x90, 0x02, 0xFF, 0xFB, 0x00, 0x00, 0x00, 0x00, 0x00, 0x00, 0x00, 0x00, 0x00,
    0x00, 0x07, 0xFF, 0xFB, 0x00, 0x02, 0xFF, 0xFB, 0x00, 0x00, 0x00, 0x00, 0x00, 0x00, 0x00, 0x00, 0x00, 0x00, 0x3F, 0xFF,
    0xE1, 0x00, 0x02, 0xFF, 0xFB, 0x00, 0x00, 0x00, 0x00, 0x00, 0x00, 0x00, 0x00, 0x00, 0x00, 0xDF, 0xFF, 0x40, 0x00, 0x02,
    0xFF, 0xFB, 0x00, 0x00, 0x00, 0x00, 0x00, 0x00, 0x00, 0x00, 0x00, 0x08, 0xFF, 0xF9, 0x00, 0x00, 0x02, 0xFF, 0xFB, 0x00,
    0x00, 0x00, 0x00, 0x00, 0x00, 0x00, 0x00, 0x00, 0x3F, 0xFF, 0xD0, 0x00, 0x00, 0x02, 0xFF, 0xFB, 0x00, 0x00, 0x00, 0x00,
    0x00, 0x00, 0x00, 0x00, 0x00, 0xDF, 0xFF, 0x20, 0x00, 0x00, 0x02, 0xFF, 0xFB, 0x00, 0x00, 0x00, 0x00, 0x00, 0x00, 0x00,
    0x00, 0x08, 0xFF, 0xF6, 0x00, 0x00, 0x00, 0x02, 0xFF, 0xFB, 0x00, 0x00, 0x00, 0x00, 0x00, 0x00, 0x00, 0x00, 0x2F, 0xFF,
    0xC0, 0x00, 0x00, 0x00, 0x02, 0xFF, 0xFB, 0x00, 0x00, 0x00, 0x00, 0x00, 0x00, 0x00, 0x00, 0xCF, 0xFF, 0x20, 0x00, 0x00,
    0x00, 0x02, 0xFF, 0xFB, 0x00, 0x00, 0x00, 0x00, 0x00, 0x00, 0x00, 0x05, 0xFF, 0xF8, 0x00, 0x00, 0x00, 0x00, 0x02, 0xFF,
    0xFB, 0x00, 0x00, 0x00, 0x00, 0x00, 0x00, 0x00, 0x0E, 0xFF, 0xE0, 0x00, 0x00, 0x00, 0x00, 0x02, 0xFF, 0xFB, 0x00, 0x00,
    0x00, 0x00, 0x00, 0x00, 0x00, 0x7F, 0xFF, 0x50, 0x00, 0x00, 0x00, 0x00, 0x02, 0xFF, 0xFB, 0x00, 0x00, 0x00, 0x00, 0x00,
    0x00, 0x01, 0xFF, 0xFB, 0x00, 0x00, 0x00, 0x00, 0x00, 0x02, 0xFF, 0xFB, 0x00, 0x00, 0x00, 0x00, 0x00, 0x00, 0x09, 0xFF,
    0xF3, 0x00, 0x00, 0x00, 0x00, 0x00, 0x02, 0xFF, 0xFB, 0x00, 0x00, 0x00, 0x00, 0x00, 0x00, 0x1F, 0xFF, 0xA0, 0x00, 0x00,
    0x00, 0x00, 0x00, 0x02, 0xFF, 0xFB, 0x00, 0x00, 0x00, 0x00, 0x00, 0x00, 0x9F, 0xFF, 0x20, 0x00, 0x00, 0x00, 0x00, 0x00,
    0x02, 0xFF, 0xFB, 0x00, 0x00, 0x00, 0x00, 0x00, 0x01, 0xFF, 0xFB, 0x00, 0x00, 0x00, 0x00, 0x00, 0x00, 0x02, 0xFF, 0xFB,
    0x00, 0x00, 0x00, 0x00, 0x00, 0x07, 0xFF, 0xF3, 0x00, 0x00, 0x00, 0x00, 0x00, 0x00, 0x02, 0xFF, 0xFB, 0x00, 0x00, 0x00,
    0x00, 0x00, 0x0E, 0xFF, 0xFF, 0xFF, 0xFF, 0xFF, 0xFF, 0xFF, 0xFF, 0xFF, 0xFF, 0xFF, 0xFF, 0xFF, 0xD0, 0x00, 0x00, 0x0F,
    0xFF, 0xFF, 0xFF, 0xFF, 0xFF, 0xFF, 0xFF, 0xFF, 0xFF, 0xFF, 0xFF, 0xFF, 0xFF, 0xD0, 0x00, 0x00, 0x0F, 0xFF, 0xFF, 0xFF,
    0xFF, 0xFF, 0xFF, 0xFF, 0xFF, 0xFF, 0xFF, 0xFF, 0xFF, 0xFF, 0xD0, 0x00, 0x00, 0x0F, 0xFF, 0xFF, 0xFF, 0xFF, 0xFF, 0xFF,
    0xFF, 0xFF, 0xFF, 0xFF, 0xFF, 0xFF, 0xFF, 0xD0, 0x00, 0x00, 0x00, 0x00, 0x00, 0x00, 0x00, 0x00, 0x00, 0x00, 0x00, 0x02,
    0xFF, 0xFB, 0x00, 0x00, 0x00, 0x00, 0x00, 0x00, 0x00, 0x00, 0x00, 0x00, 0x00, 0x00, 0x00, 0x00, 0x02, 0xFF, 0xFB, 0x00,
    0x00, 0x00, 0x00, 0x00, 0x00, 0x00, 0x00, 0x00, 0x00, 0x00, 0x00, 0x00, 0x00, 0x02, 0xFF, 0xFB, 0x00, 0x00, 0x00, 0x00,
    0x00, 0x00, 0x00, 0x00, 0x00, 0x00, 0x00, 0x00, 0x00, 0x00, 0x02, 0xFF, 0xFB, 0x00, 0x00, 0x00, 0x00, 0x00, 0x00, 0x00,
    0x00, 0x00, 0x00, 0x00, 0x00, 0x00, 0x00, 0x02, 0xFF, 0xFB, 0x00, 0x00, 0x00, 0x00, 0x00, 0x00, 0x00, 0x00, 0x00, 0x00,
    0x00, 0x00, 0x00, 0x00, 0x02, 0xFF, 0xFB, 0x00, 0x00, 0x00, 0x00, 0x00, 0x00, 0x00, 0x00, 0x00, 0x00, 0x00, 0x00, 0x00,
    0x00, 0x02, 0xFF, 0xFB, 0x00, 0x00, 0x00, 0x00, 0x00, 0x00, 0x00, 0x00, 0x00, 0x00, 0x00, 0x00, 0x00, 0x00, 0x02, 0xFF,
    0xFB, 0x00, 0x00, 0x00, 0x00, 0x00, 0x00, 0x00, 0x00, 0x00, 0x00, 0x00, 0x00, 0x00, 0x00, 0x02, 0xFF, 0xFB, 0x00, 0x00,
    0x00, 0x00, 0x00, 0x00, 0x00, 0x00, 0x00, 0x00, 0x00, 0x00, 0x00, 0x00, 0x02, 0xFF, 0xFB, 0x00, 0x00, 0x00, 0x00, 0x00,
    0x00, 0x00, 0x00, 0x00, 0x00, 0x00, 0x00, 0x00, 0x00, 0x02, 0xFF, 0xFB, 0x00, 0x00, 0x00, 0x00, 0x00, 0x00, 0x00, 0x00,
    0x3F, 0xFF, 0xFF, 0xFF, 0xFF, 0xFF, 0xFF, 0xFF, 0xFF, 0xF8, 0x00, 0x00, 0x00, 0x00, 0x00, 0x00, 0x00, 0x3F, 0xFF, 0xFF,
    0xFF, 0xFF, 0xFF, 0xFF, 0xFF, 0xFF, 0xF8, 0x00, 0x00, 0x00, 0x00, 0x00, 0x00, 0x00, 0x4F, 0xFF, 0xFF, 0xFF, 0xFF, 0xFF,
    0xFF, 0xFF, 0xFF, 0xF8, 0x00, 0x00, 0x00, 0x00, 0x00, 0x00, 0x00, 0x4F, 0xFF, 0xFF, 0xFF, 0xFF, 0xFF, 0xFF, 0xFF, 0xFF,
    0xF8, 0x00, 0x00, 0x00, 0x00, 0x00, 0x00, 0x00, 0x5F, 0xFF, 0x30, 0x00, 0x00, 0x00, 0x00, 0x00, 0x00, 0x00, 0x00, 0x00,
    0x00, 0x00, 0x00, 0x00, 0x00, 0x6F, 0xFF, 0x20, 0x00, 0x00, 0x00, 0x00, 0x00, 0x00, 0x00, 0x00, 0x00, 0x00, 0x00, 0x00,
    0x00, 0x00, 0x6F, 0xFF, 0x10, 0x00, 0x00, 0x00, 0x00, 0x00, 0x00, 0x00, 0x00, 0x00, 0x00, 0x00, 0x00, 0x00, 0x00, 0x7F,
    0xFF, 0x00, 0x00, 0x00, 0x00, 0x00, 0x00, 0x00, 0x00, 0x00, 0x00, 0x00, 0x00, 0x00, 0x00, 0x00, 0x8F, 0xFF, 0x00, 0x00,
    0x00, 0x00, 0x00, 0x00, 0x00, 0x00, 0x00, 0x00, 0x00, 0x00, 0x00, 0x00, 0x00, 0x9F, 0xFE, 0x00, 0x00, 0x00, 0x00, 0x00,
    0x00, 0x00, 0x00, 0x00, 0x00, 0x00, 0x00, 0x00, 0x00, 0x00, 0xAF, 0xFD, 0x00, 0x00, 0x00, 0x00, 0x00, 0x00, 0x00, 0x00,
    0x00, 0x00, 0x00, 0x00, 0x00, 0x00, 0x00, 0xBF, 0xFB, 0x00, 0x00, 0x00, 0x00, 0x00, 0x00, 0x00, 0x00, 0x00, 0x00, 0x00,
    0x00, 0x00, 0x00, 0x00, 0xDF, 0xFA, 0x00, 0x00, 0x00, 0x00, 0x00, 0x00, 0x00, 0x00, 0x00, 0x00, 0x00, 0x00, 0x00, 0x00,
    0x00, 0xEF, 0xF9, 0x00, 0x00, 0x00, 0x00, 0x00, 0x00, 0x00, 0x00, 0x00, 0x00, 0x00, 0x00, 0x00, 0x00, 0x00, 0xFF, 0xF7,
    0x00, 0x00, 0x00, 0x00, 0x00, 0x00, 0x00, 0x00, 0x00, 0x00, 0x00, 0x00, 0x00, 0x00, 0x01, 0xFF, 0xF6, 0x00, 0x00, 0x00,
    0x00, 0x00, 0x00, 0x00, 0x00, 0x00, 0x00, 0x00, 0x00, 0x00, 0x00, 0x02, 0xFF, 0xF4, 0x00, 0x00, 0x00, 0x00, 0x00, 0x00,
    0x00, 0x00, 0x00, 0x00, 0x00, 0x00, 0x00, 0x00, 0x04, 0xFF, 0xFF, 0xED, 0xCA, 0x74, 0x00, 0x00, 0x00, 0x00, 0x00, 0x00,
    0x00, 0x00, 0x00, 0x00, 0x00, 0x05, 0xFF, 0xFF, 0xFF, 0xFF, 0xFF, 0xFC, 0x60, 0x00, 0x00, 0x00, 0x00, 0x00, 0x00, 0x00,
    0x00, 0x00, 0x07, 0xFF, 0xFF, 0xFF, 0xFF, 0xFF, 0xFF, 0xFF, 0x80, 0x00, 0x00, 0x00, 0x00, 0x00, 0x00, 0x00, 0x00, 0x09,
    0xFF, 0xFF, 0xFF, 0xFF, 0xFF, 0xFF, 0xFF, 0xFE, 0x40, 0x00, 0x00, 0x00, 0x00, 0x00, 0x00, 0x00, 0x00, 0x00, 0x12, 0x35,
    0x69, 0xCF, 0xFF, 0xFF, 0xFF, 0xF6, 0x00, 0x00, 0x00, 0x00, 0x00, 0x00, 0x00, 0x00, 0x00, 0x00, 0x00, 0x00, 0x00, 0x5B,
    0xFF, 0xFF, 0xFF, 0x50, 0x00, 0x00, 0x00, 0x00, 0x00, 0x00, 0x00, 0x00, 0x00, 0x00, 0x00, 0x00, 0x00, 0x2B, 0xFF, 0xFF,
    0xF1, 0x00, 0x00, 0x00, 0x00, 0x00, 0x00, 0x00, 0x00, 0x00, 0x00, 0x00, 0x00, 0x00, 0x00, 0x8F, 0xFF, 0xFA, 0x00, 0x00,
    0x00, 0x00, 0x00, 0x00, 0x00, 0x00, 0x00, 0x00, 0x00, 0x00, 0x00, 0x00, 0x0A, 0xFF, 0xFF, 0x10, 0x00, 0x00, 0x00, 0x00,
    0x00, 0x00, 0x00, 0x00, 0x00, 0x00, 0x00, 0x00, 0x00, 0x01, 0xFF, 0xFF, 0x60, 0x00, 0x00, 0x00, 0x00, 0x00, 0x00, 0x00,
    0x00, 0x00, 0x00, 0x00, 0x00, 0x00, 0x00, 0xBF, 0xFF, 0xA0, 0x00, 0x00, 0x00, 0x00, 0x00, 0x00, 0x00, 0x00, 0x00, 0x00,
    0x00, 0x00, 0x00, 0x00, 0x7F, 0xFF, 0xD0, 0x00, 0x00, 0x00, 0x00, 0x00, 0x00, 0x00, 0x00, 0x00, 0x00, 0x00, 0x00, 0x00,
    0x00, 0x5F, 0xFF, 0xE0, 0x00, 0x00, 0x00, 0x00, 0x00, 0x00, 0x00, 0x00, 0x00, 0x00, 0x00, 0x00, 0x00, 0x00, 0x3F, 0xFF,
    0xF0, 0x00, 0x00, 0x00, 0x00, 0x00, 0x00, 0x00, 0x00, 0x00, 0x00, 0x00, 0x00, 0x00, 0x00, 0x4F, 0xFF, 0xE0, 0x00, 0x00,
    0x00, 0x00, 0x00, 0x00, 0x00, 0x00, 0x00, 0x00, 0x00, 0x00, 0x00, 0x00, 0x6F, 0xFF, 0xD0, 0x00, 0x00, 0x00, 0x00, 0x00,
    0x00, 0x00, 0x00, 0x00, 0x00, 0x00, 0x00, 0x00, 0x00, 0xAF, 0xFF, 0xA0, 0x00, 0x00, 0x00, 0x00, 0x00, 0x00, 0x00, 0x00,
    0x00, 0x00, 0x00, 0x00, 0x00, 0x00, 0xFF, 0xFF, 0x50, 0x00, 0x00, 0x00, 0x00, 0x00, 0x00, 0x00, 0x00, 0x00, 0x00, 0x00,
    0x00, 0x00, 0x08, 0xFF, 0xFF, 0x10, 0x00, 0x00, 0x00, 0x00, 0x00, 0x00, 0x00, 0x00, 0x00, 0x00, 0x00, 0x00, 0x00, 0x6F,
    0xFF, 0xF9, 0x00, 0x00, 0x00, 0x00, 0x00, 0x0C, 0x82, 0x00, 0x00, 0x00, 0x00, 0x00, 0x00, 0x2A, 0xFF, 0xFF, 0xE1, 0x00,
    0x00, 0x00, 0x00, 0x00, 0x1F, 0xFF, 0xD9, 0x63, 0x21, 0x01, 0x13, 0x7B, 0xFF, 0xFF, 0xFF, 0x30, 0x00, 0x00, 0x00, 0x00,
    0x00, 0x5F, 0xFF, 0xFF, 0xFF, 0xFF, 0xFF, 0xFF, 0xFF, 0xFF, 0xFF, 0xF5, 0x00, 0x00, 0x00, 0x00, 0x00, 0x00, 0x8F, 0xFF,
    0xFF, 0xFF, 0xFF, 0xFF, 0xFF, 0xFF, 0xFF, 0xFC, 0x20, 0x00, 0x00, 0x00, 0x00, 0x00, 0x00, 0x05, 0xAF, 0xFF, 0xFF, 0xFF,
    0xFF, 0xFF, 0xFF, 0xFC, 0x50, 0x00, 0x00, 0x00, 0x00, 0x00, 0x00, 0x00, 0x00, 0x00, 0x47, 0xAD, 0xEF, 0xFF, 0xEC, 0xA6,
    0x20, 0x00, 0x00, 0x00, 0x00, 0x00, 0x00, 0x00, 0x00, 0x00, 0x00, 0x00, 0x00, 0x00, 0x00, 0x00, 0x00, 0x03, 0x69, 0xBD,
    0xE8, 0x00, 0x00, 0x00, 0x00, 0x00, 0x00, 0x00, 0x00, 0x00, 0x00, 0x00, 0x00, 0x5A, 0xFF, 0xFF, 0xFF, 0xF9, 0x00, 0x00,
    0x00, 0x00, 0x00, 0x00, 0x00, 0x00, 0x00, 0x00, 0x01, 0x8E, 0xFF, 0xFF, 0xFF, 0xFF, 0xFA, 0x00, 0x00, 0x00, 0x00, 0x00,
    0x00, 0x00, 0x00, 0x00, 0x00, 0x6F, 0xFF, 0xFF, 0xFF, 0xFF, 0xFF, 0xFB, 0x00, 0x00, 0x00, 0x00, 0x00, 0x00, 0x00, 0x00,
    0x00, 0x1C, 0xFF, 0xFF, 0xFF, 0xFF, 0xC8, 0x53, 0x20, 0x00, 0x00, 0x00, 0x00, 0x00, 0x00, 0x00, 0x00, 0x03, 0xEF, 0xFF,
    0xFF, 0xF9, 0x40, 0x00, 0x00, 0x00, 0x00, 0x00, 0x00, 0x00, 0x00, 0x00, 0x00, 0x00, 0x3F, 0xFF, 0xFF, 0xF7, 0x00, 0x00,
    0x00, 0x00, 0x00, 0x00, 0x00, 0x00, 0x00, 0x00, 0x00, 0x00, 0x02, 0xEF, 0xFF, 0xFB, 0x10, 0x00, 0x00, 0x00, 0x00, 0x00,
    0x00, 0x00, 0x00, 0x00, 0x00, 0x00, 0x00, 0x0D, 0xFF, 0xFF, 0x70, 0x00, 0x00, 0x00, 0x00, 0x00, 0x00, 0x00, 0x00, 0x00,
    0x00, 0x00, 0x00, 0x00, 0x8F, 0xFF, 0xF7, 0x00, 0x00, 0x00, 0x00, 0x00, 0x00, 0x00, 0x00, 0x00, 0x00, 0x00, 0x00, 0x00,
    0x02, 0xFF, 0xFF, 0xA0, 0x00, 0x00, 0x00, 0x00, 0x00, 0x00, 0x00, 0x00, 0x00, 0x00, 0x00, 0x00, 0x00, 0x0A, 0xFF, 0xFE,
    0x00, 0x00, 0x00, 0x00, 0x00, 0x00, 0x00, 0x00, 0x00, 0x00, 0x00, 0x00, 0x00, 0x00, 0x1F, 0xFF, 0xF5, 0x00, 0x00, 0x00,
    0x00, 0x00, 0x00, 0x00, 0x00, 0x00, 0x00, 0x00, 0x00, 0x00, 0x00, 0x7F, 0xFF, 0xD0, 0x00, 0x00, 0x00, 0x00, 0x00, 0x00,
    0x00, 0x00, 0x00, 0x00, 0x00, 0x00, 0x00, 0x00, 0xDF, 0xFF, 0x60, 0x00, 0x00, 0x00, 0x00, 0x00, 0x00, 0x00, 0x00, 0x00,
    0x00, 0x00, 0x00, 0x00, 0x02, 0xFF, 0xFF, 0x10, 0x00, 0x00, 0x00, 0x00, 0x00, 0x00, 0x00, 0x00, 0x00, 0x00, 0x00, 0x00,
    0x00, 0x06, 0xFF, 0xFC, 0x00, 0x00, 0x00, 0x00, 0x00, 0x00, 0x00, 0x00, 0x00, 0x00, 0x00, 0x00, 0x00, 0x00, 0x0A, 0xFF,
    0xF8, 0x00, 0x27, 0xAD, 0xEF, 0xFE, 0xDA, 0x50, 0x00, 0x00, 0x00, 0x00, 0x00, 0x00, 0x00, 0x0C, 0xFF, 0xF6, 0x7D, 0xFF,
    0xFF, 0xFF, 0xFF, 0xFF, 0xFF, 0x70, 0x00, 0x00, 0x00, 0x00, 0x00, 0x00, 0x0F, 0xFF, 0xFF, 0xFF, 0xFF, 0xFF, 0xFF, 0xFF,
    0xFF, 0xFF, 0xFD, 0x20, 0x00, 0x00, 0x00, 0x00, 0x00, 0x1F, 0xFF, 0xFF, 0xFF, 0xFF, 0xFF, 0xFF, 0xFF, 0xFF, 0xFF, 0xFF,
    0xE2, 0x00, 0x00, 0x00, 0x00, 0x00, 0x3F, 0xFF, 0xFF, 0xFF, 0xB7, 0x42, 0x10, 0x12, 0x5A, 0xFF, 0xFF, 0xFD, 0x00, 0x00,
    0x00, 0x00, 0x00, 0x4F, 0xFF, 0xFD, 0x71, 0x00, 0x00, 0x00, 0x00, 0x00, 0x2C, 0xFF, 0xFF, 0x80, 0x00, 0x00, 0x00, 0x00,
    0x5F, 0xFF, 0xE0, 0x00, 0x00, 0x00, 0x00, 0x00, 0x00, 0x00, 0xCF, 0xFF, 0xF0, 0x00, 0x00, 0x00, 0x00, 0x5F, 0xFF, 0xD0,
    0x00, 0x00, 0x00, 0x00, 0x00, 0x00, 0x00, 0x2F, 0xFF, 0xF6, 0x00, 0x00, 0x00, 0x00, 0x5F, 0xFF, 0xD0, 0x00, 0x00, 0x00,
    0x00, 0x00, 0x00, 0x00, 0x0A, 0xFF, 0xFB, 0x00, 0x00, 0x00, 0x00, 0x5F, 0xFF, 0xD0, 0x00, 0x00, 0x00, 0x00, 0x00, 0x00,
    0x00, 0x05, 0xFF, 0xFE, 0x00, 0x00, 0x00, 0x00, 0x4F, 0xFF, 0xD0, 0x00, 0x00, 0x00, 0x00, 0x00, 0x00, 0x00, 0x02, 0xFF,
    0xFF, 0x10, 0x00, 0x00, 0x00, 0x3F, 0xFF, 0xE0, 0x00, 0x00, 0x00, 0x00, 0x00, 0x00, 0x00, 0x00, 0xFF, 0xFF, 0x20, 0x00,
    0x00, 0x00, 0x2F, 0xFF, 0xF0, 0x00, 0x00, 0x00, 0x00, 0x00, 0x00, 0x00, 0x00, 0xFF, 0xFF, 0x30, 0x00, 0x00, 0x00, 0x0F,
    0xFF, 0xF2, 0x00, 0x00, 0x00, 0x00, 0x00, 0x00, 0x00, 0x00, 0xFF, 0xFF, 0x20, 0x00, 0x00, 0x00, 0x0C, 0xFF, 0xF5, 0x00,
    0x00, 0x00, 0x00, 0x00, 0x00, 0x00, 0x01, 0xFF, 0xFF, 0x10, 0x00, 0x00, 0x00, 0x09, 0xFF, 0xF9, 0x00, 0x00, 0x00, 0x00,
    0x00, 0x00, 0x00, 0x03, 0xFF, 0xFF, 0x00, 0x00, 0x00, 0x00, 0x04, 0xFF, 0xFE, 0x00, 0x00, 0x00, 0x00, 0x00, 0x00, 0x00,
    0x07, 0xFF, 0xFB, 0x00, 0x00, 0x00, 0x00, 0x00, 0xEF, 0xFF, 0x50, 0x00, 0x00, 0x00, 0x00, 0x00, 0x00, 0x0D, 0xFF, 0xF7,
    0x00, 0x00, 0x00, 0x00, 0x00, 0x9F, 0xFF, 0xD0, 0x00, 0x00, 0x00, 0x00, 0x00, 0x00, 0x6F, 0xFF, 0xF1, 0x00, 0x00, 0x00,
    0x00, 0x00, 0x1F, 0xFF, 0xFA, 0x00, 0x00, 0x00, 0x00, 0x00, 0x02, 0xEF, 0xFF, 0xA0, 0x00, 0x00, 0x00, 0x00, 0x00, 0x07,
    0xFF, 0xFF, 0xB1, 0x00, 0x00, 0x00, 0x00, 0x4E, 0xFF, 0xFF, 0x10, 0x00, 0x00, 0x00, 0x00, 0x00, 0x00, 0xDF, 0xFF, 0xFE,
    0x84, 0x10, 0x02, 0x6B, 0xFF, 0xFF, 0xF5, 0x00, 0x00, 0x00, 0x00, 0x00, 0x00, 0x00, 0x2E, 0xFF, 0xFF, 0xFF, 0xFF, 0xFF,
    0xFF, 0xFF, 0xFF, 0x70, 0x00, 0x00, 0x00, 0x00, 0x00, 0x00, 0x00, 0x02, 0xCF, 0xFF, 0xFF, 0xFF, 0xFF, 0xFF, 0xFF, 0xF6,
    0x00, 0x00, 0x00, 0x00, 0x00, 0x00, 0x00, 0x00, 0x00, 0x07, 0xEF, 0xFF, 0xFF, 0xFF, 0xFF, 0xFB, 0x20, 0x00, 0x00, 0x00,
    0x00, 0x00, 0x00, 0x00, 0x00, 0x00, 0x00, 0x05, 0x9C, 0xEF, 0xFE, 0xC8, 0x30, 0x00, 0x00, 0x00, 0x00, 0x00, 0x00, 0x00,
    0xDF, 0xFF, 0xFF, 0xFF, 0xFF, 0xFF, 0xFF, 0xFF, 0xFF, 0xFF, 0xFF, 0xFF, 0xF6, 0x00, 0x00, 0x00, 0x00, 0xDF, 0xFF, 0xFF,
    0xFF, 0xFF, 0xFF, 0xFF, 0xFF, 0xFF, 0xFF, 0xFF, 0xFF, 0xF6, 0x00, 0x00, 0x00, 0x00, 0xDF, 0xFF, 0xFF, 0xFF, 0xFF, 0xFF,
    0xFF, 0xFF, 0xFF, 0xFF, 0xFF, 0xFF, 0xF6, 0x00, 0x00, 0x00, 0x00, 0xDF, 0xFF, 0xFF, 0xFF, 0xFF, 0xFF, 0xFF, 0xFF, 0xFF,
    0xFF, 0xFF, 0xFF, 0xF6, 0x00, 0x00, 0x00, 0x00, 0x00, 0x00, 0x00, 0x00, 0x00, 0x00, 0x00, 0x00, 0x00, 0x00, 0x1E, 0xFF,
    0xD1, 0x00, 0x00, 0x00, 0x00, 0x00, 0x00, 0x00, 0x00, 0x00, 0x00, 0x00, 0x00, 0x00, 0x00, 0xDF, 0xFF, 0x30, 0x00, 0x00,
    0x00, 0x00, 0x00, 0x00, 0x00, 0x00, 0x00, 0x00, 0x00, 0x00, 0x00, 0x09, 0xFF, 0xF7, 0x00, 0x00, 0x00, 0x00, 0x00, 0x00,
    0x00, 0x00, 0x00, 0x00, 0x00, 0x00, 0x00, 0x00, 0x4F, 0xFF, 0xC0, 0x00, 0x00, 0x00, 0x00, 0x00, 0x00, 0x00, 0x00, 0x00,
    0x00, 0x00, 0x00, 0x00, 0x00, 0xEF, 0xFF, 0x20, 0x00, 0x00, 0x00, 0x00, 0x00, 0x00, 0x00, 0x00, 0x00, 0x00, 0x00, 0x00,
    0x00, 0x08, 0xFF, 0xF8, 0x00, 0x00, 0x00, 0x00, 0x00, 0x00, 0x00, 0x00, 0x00, 0x00, 0x00, 0x00, 0x00, 0x00, 0x2F, 0xFF,
    0xD0, 0x00, 0x00, 0x00, 0x00, 0x00, 0x00, 0x00, 0x00, 0x00, 0x00, 0x00, 0x00, 0x00, 0x00, 0xBF, 0xFF, 0x50, 0x00, 0x00,
    0x00, 0x00, 0x00, 0x00, 0x00, 0x00, 0x00, 0x00, 0x00, 0x00, 0x00, 0x03, 0xFF, 0xFC, 0x00, 0x00, 0x00, 0x00, 0x00, 0x00,
    0x00, 0x00, 0x00, 0x00, 0x00, 0x00, 0x00, 0x00, 0x0B, 0xFF, 0xF4, 0x00, 0x00, 0x00, 0x00, 0x00, 0x00, 0x00, 0x00, 0x00,
    0x00, 0x00, 0x00, 0x00, 0x00, 0x4F, 0xFF, 0xB0, 0x00, 0x00, 0x00, 0x00, 0x00, 0x00, 0x00, 0x00, 0x00, 0x00, 0x00, 0x00,
    0x00, 0x00, 0xCF, 0xFF, 0x30, 0x00, 0x00, 0x00, 0x00, 0x00, 0x00, 0x00, 0x00, 0x00, 0x00, 0x00, 0x00, 0x00, 0x03, 0xFF,
    0xFC, 0x00, 0x00, 0x00, 0x00, 0x00, 0x00, 0x00, 0x00, 0x00, 0x00, 0x00, 0x00, 0x00, 0x00, 0x0B, 0xFF, 0xF4, 0x00, 0x00,
    0x00, 0x00, 0x00, 0x00, 0x00, 0x00, 0x00, 0x00, 0x00, 0x00, 0x00, 0x00, 0x2F, 0xFF, 0xD0, 0x00, 0x00, 0x00, 0x00, 0x00,
    0x00, 0x00, 0x00, 0x00, 0x00, 0x00, 0x00, 0x00, 0x00, 0x9F, 0xFF, 0x60, 0x00, 0x00, 0x00, 0x00, 0x00, 0x00, 0x00, 0x00,
    0x00, 0x00, 0x00, 0x00, 0x00, 0x00, 0xFF, 0xFF, 0x10, 0x00, 0x00, 0x00, 0x00, 0x00, 0x00, 0x00, 0x00, 0x00, 0x00, 0x00,
    0x00, 0x00, 0x06, 0xFF, 0xFA, 0x00, 0x00, 0x00, 0x00, 0x00, 0x00, 0x00, 0x00, 0x00, 0x00, 0x00, 0x00, 0x00, 0x00, 0x0C,
    0xFF, 0xF4, 0x00, 0x00, 0x00, 0x00, 0x00, 0x00, 0x00, 0x00, 0x00, 0x00, 0x00, 0x00, 0x00, 0x00, 0x2F, 0xFF, 0xE0, 0x00,
    0x00, 0x00, 0x00, 0x00, 0x00, 0x00, 0x00, 0x00, 0x00, 0x00, 0x00, 0x00, 0x00, 0x8F, 0xFF, 0x80, 0x00, 0x00, 0x00, 0x00,
    0x00, 0x00, 0x00, 0x00, 0x00, 0x00, 0x00, 0x00, 0x00, 0x00, 0xDF, 0xFF, 0x20, 0x00, 0x00, 0x00, 0x00, 0x00, 0x00, 0x00,
    0x00, 0x00, 0x00, 0x00, 0x00, 0x00, 0x03, 0xFF, 0xFD, 0x00, 0x00, 0x00, 0x00, 0x00, 0x00, 0x00, 0x00, 0x00, 0x00, 0x00,
    0x00, 0x00, 0x00, 0x08, 0xFF, 0xF8, 0x00, 0x00, 0x00, 0x00, 0x00, 0x00, 0x00, 0x00, 0x00, 0x00, 0x00, 0x00, 0x00, 0x00,
    0x0C, 0xFF, 0xF3, 0x00, 0x00, 0x00, 0x00, 0x00, 0x00, 0x00, 0x00, 0x00, 0x00, 0x00, 0x00, 0x00, 0x00, 0x1F, 0xFF, 0xE0,
    0x00, 0x00, 0x00, 0x00, 0x00, 0x00, 0x00, 0x00, 0x00, 0x00, 0x00, 0x00, 0x00, 0x00, 0x6F, 0xFF, 0xA0, 0x00, 0x00, 0x00,
    0x00, 0x00, 0x00, 0x00, 0x00, 0x00, 0x00, 0x00, 0x00, 0x00, 0x00, 0xAF, 0xFF, 0x50, 0x00, 0x00, 0x00, 0x00, 0x00, 0x00,
    0x00, 0x00, 0x00, 0x00, 0x00, 0x00, 0x00, 0x00, 0xEF, 0xFF, 0x10, 0x00, 0x00, 0x00, 0x00, 0x00, 0x00, 0x00, 0x00, 0x00,
    0x00, 0x00, 0x00, 0x00, 0x02, 0xFF, 0xFD, 0x00, 0x00, 0x00, 0x00, 0x00, 0x00, 0x00, 0x00, 0x00, 0x00, 0x00, 0x00, 0x00,
    0x00, 0x06, 0xFF, 0xFA, 0x00, 0x00, 0x00, 0x00, 0x00, 0x00, 0x00, 0x00, 0x00, 0x00, 0x00, 0x00, 0x00, 0x00, 0x09, 0xFF,
    0xF7, 0x00, 0x00, 0x00, 0x00, 0x00, 0x00, 0x00, 0x00, 0x00, 0x00, 0x00, 0x00, 0x00, 0x00, 0x0C, 0xFF, 0xF4, 0x00, 0x00,
    0x00, 0x00, 0x00, 0x00, 0x00, 0x00, 0x00, 0x00, 0x00, 0x00, 0x00, 0x00, 0x0F, 0xFF, 0xF2, 0x00, 0x00, 0x00, 0x00, 0x00,
    0x00, 0x00, 0x00, 0x00, 0x00, 0x00, 0x00, 0x00, 0x00, 0x1F, 0xFF, 0xF0, 0x00, 0x00, 0x00, 0x00, 0x00, 0x00, 0x00, 0x00,
    0x00, 0x00, 0x00, 0x00, 0x00, 0x00, 0x4F, 0xFF, 0xD0, 0x00, 0x00, 0x00, 0x00, 0x00, 0x00, 0x00, 0x00, 0x00, 0x00, 0x00,
    0x00, 0x00, 0x00, 0x5F, 0xFF, 0xC0, 0x00, 0x00, 0x00, 0x00, 0x00, 0x00, 0x00, 0x00, 0x00, 0x00, 0x00, 0x00, 0x00, 0x00,
    0x7F, 0xFF, 0xA0, 0x00, 0x00, 0x00, 0x00, 0x00, 0x00, 0x00, 0x00, 0x00, 0x00, 0x00, 0x00, 0x00, 0x00, 0x00, 0x48, 0xCE,
    0xFF, 0xDC, 0x94, 0x00, 0x00, 0x00, 0x00, 0x00, 0x00, 0x00, 0x00, 0x00, 0x00, 0x00, 0x6E, 0xFF, 0xFF, 0xFF, 0xFF, 0xFF,
    0xE6, 0x00, 0x00, 0x00, 0x00, 0x00, 0x00, 0x00, 0x00, 0x00, 0x1C, 0xFF, 0xFF, 0xFF, 0xFF, 0xFF, 0xFF, 0xFF, 0xD2, 0x00,
    0x00, 0x00, 0x00, 0x00, 0x00, 0x00, 0x02, 0xEF, 0xFF, 0xFF, 0xFF, 0xFF, 0xFF, 0xFF, 0xFF, 0xFE, 0x20, 0x00, 0x00, 0x00,
    0x00, 0x00, 0x00, 0x1D, 0xFF, 0xFF, 0xE8, 0x41, 0x00, 0x15, 0x9F, 0xFF, 0xFF, 0xD1, 0x00, 0x00, 0x00, 0x00, 0x00, 0x00,
    0x9F, 0xFF, 0xFA, 0x00, 0x00, 0x00, 0x00, 0x01, 0xCF, 0xFF, 0xF9, 0x00, 0x00, 0x00, 0x00, 0x00, 0x02, 0xFF, 0xFF, 0x90,
    0x00, 0x00, 0x00, 0x00, 0x00, 0x0C, 0xFF, 0xFF, 0x10, 0x00, 0x00, 0x00, 0x00, 0x07, 0xFF, 0xFD, 0x00, 0x00, 0x00, 0x00,
    0x00, 0x00, 0x02, 0xFF, 0xFF, 0x60, 0x00, 0x00, 0x00, 0x00, 0x0C, 0xFF, 0xF6, 0x00, 0x00, 0x00, 0x00, 0x00, 0x00, 0x00,
    0xAF, 0xFF, 0xA0, 0x00, 0x00, 0x00, 0x00, 0x0F, 0xFF, 0xF1, 0x00, 0x00, 0x00, 0x00, 0x00, 0x00, 0x00, 0x5F, 0xFF, 0xC0,
    0x00, 0x00, 0x00, 0x00, 0x0F, 0xFF, 0xF0, 0x00, 0x00, 0x00, 0x00, 0x00, 0x00, 0x00, 0x3F, 0xFF, 0xE0, 0x00, 0x00, 0x00,
    0x00, 0x1F, 0xFF, 0xF0, 0x00, 0x00, 0x00, 0x00, 0x00, 0x00, 0x00, 0x2F, 0xFF, 0xD0, 0x00, 0x00, 0x00, 0x00, 0x1F, 0xFF,
    0xF1, 0x00, 0x00, 0x00, 0x00, 0x00, 0x00, 0x00, 0x4F, 0xFF, 0xC0, 0x00, 0x00, 0x00, 0x00, 0x0F, 0xFF, 0xF4, 0x00, 0x00,
    0x00, 0x00, 0x00, 0x00, 0x00, 0x7F, 0xFF, 0x90, 0x00, 0x00, 0x00, 0x00, 0x0C, 0xFF, 0xFB, 0x00, 0x00, 0x00, 0x00, 0x00,
    0x00, 0x00, 0xBF, 0xFF, 0x40, 0x00, 0x00, 0x00, 0x00, 0x07, 0xFF, 0xFF, 0x60, 0x00, 0x00, 0x00, 0x00, 0x00, 0x02, 0xFF,
    0xFE, 0x00, 0x00, 0x00, 0x00, 0x00, 0x01, 0xFF, 0xFF, 0xF7, 0x00, 0x00, 0x00, 0x00, 0x00, 0x0B, 0xFF, 0xF6, 0x00, 0x00,
    0x00, 0x00, 0x00, 0x00, 0x7F, 0xFF, 0xFF, 0xC3, 0x00, 0x00, 0x00, 0x00, 0x9F, 0xFF, 0xC0, 0x00, 0x00, 0x00, 0x00, 0x00,
    0x00, 0x0A, 0xFF, 0xFF, 0xFF, 0xA3, 0x00, 0x00, 0x09, 0xFF, 0xFE, 0x10, 0x00, 0x00, 0x00, 0x00, 0x00, 0x00, 0x00, 0x8F,
    0xFF, 0xFF, 0xFF, 0xC4, 0x02, 0xCF, 0xFF, 0xE2, 0x00, 0x00, 0x00, 0x00, 0x00, 0x00, 0x00, 0x00, 0x03, 0xCF, 0xFF, 0xFF,
    0xFF, 0xEF, 0xFF, 0xFD, 0x20, 0x00, 0x00, 0x00, 0x00, 0x00, 0x00, 0x00, 0x00, 0x00, 0x7F, 0xFF, 0xFF, 0xFF, 0xFF, 0xFF,
    0xB0, 0x00, 0x00, 0x00, 0x00, 0x00, 0x00, 0x00, 0x00, 0x00, 0x2C, 0xFF, 0xFF, 0xBF, 0xFF, 0xFF, 0xFF, 0xF9, 0x10, 0x00,
    0x00, 0x00, 0x00, 0x00, 0x00, 0x00, 0x03, 0xEF, 0xFF, 0xC2, 0x01, 0x7E, 0xFF, 0xFF, 0xFF, 0xF6, 0x00, 0x00, 0x00, 0x00,
    0x00, 0x00, 0x00, 0x2E, 0xFF, 0xF8, 0x00, 0x00, 0x00, 0x5C, 0xFF, 0xFF, 0xFF, 0x80, 0x00, 0x00, 0x00, 0x00, 0x00, 0x00,
    0xDF, 0xFF, 0x80, 0x00, 0x00, 0x00, 0x00, 0x3B, 0xFF, 0xFF, 0xF7, 0x00, 0x00, 0x00, 0x00, 0x00, 0x08, 0xFF, 0xFB, 0x00,
    0x00, 0x00, 0x00, 0x00, 0x00, 0x3D, 0xFF, 0xFF, 0x30, 0x00, 0x00, 0x00, 0x00, 0x0F, 0xFF, 0xF2, 0x00, 0x00, 0x00, 0x00,
    0x00, 0x00, 0x01, 0xDF, 0xFF, 0xC0, 0x00, 0x00, 0x00, 0x00, 0x6F, 0xFF, 0xB0, 0x00, 0x00, 0x00, 0x00, 0x00, 0x00, 0x00,
    0x3F, 0xFF, 0xF3, 0x00, 0x00, 0x00, 0x00, 0xAF, 0xFF, 0x60, 0x00, 0x00, 0x00, 0x00, 0x00, 0x00, 0x00, 0x0C, 0xFF, 0xF8,
    0x00, 0x00, 0x00, 0x00, 0xEF, 0xFF, 0x30, 0x00, 0x00, 0x00, 0x00, 0x00, 0x00, 0x00, 0x07, 0xFF, 0xFB, 0x00, 0x00, 0x00,
    0x00, 0xFF, 0xFF, 0x20, 0x00, 0x00, 0x00, 0x00, 0x00, 0x00, 0x00, 0x05, 0xFF, 0xFD, 0x00, 0x00, 0x00, 0x00, 0xFF, 0xFF,
    0x10, 0x00, 0x00, 0x00, 0x00, 0x00, 0x00, 0x00, 0x04, 0xFF, 0xFD, 0x00, 0x00, 0x00, 0x00, 0xFF, 0xFF, 0x30, 0x00, 0x00,
    0x00, 0x00, 0x00, 0x00, 0x00, 0x05, 0xFF, 0xFB, 0x00, 0x00, 0x00, 0x00, 0xDF, 0xFF, 0x60, 0x00, 0x00, 0x00, 0x00, 0x00,
    0x00, 0x00, 0x09, 0xFF, 0xFA, 0x00, 0x00, 0x00, 0x00, 0x9F, 0xFF, 0xC0, 0x00, 0x00, 0x00, 0x00, 0x00, 0x00, 0x00, 0x0E,
    0xFF, 0xF6, 0x00, 0x00, 0x00, 0x00, 0x4F, 0xFF, 0xF5, 0x00, 0x00, 0x00, 0x00, 0x00, 0x00, 0x00, 0x7F, 0xFF, 0xF1, 0x00,
    0x00, 0x00, 0x00, 0x0D, 0xFF, 0xFF, 0x30, 0x00, 0x00, 0x00, 0x00, 0x00, 0x04, 0xFF, 0xFF, 0xA0, 0x00, 0x00, 0x00, 0x00,
    0x04, 0xFF, 0xFF, 0xF6, 0x00, 0x00, 0x00, 0x00, 0x00, 0x7F, 0xFF, 0xFF, 0x10, 0x00, 0x00, 0x00, 0x00, 0x00, 0x9F, 0xFF,
    0xFF, 0xD7, 0x31, 0x00, 0x14, 0x8E, 0xFF, 0xFF, 0xF5, 0x00, 0x00, 0x00, 0x00, 0x00, 0x00, 0x0A, 0xFF, 0xFF, 0xFF, 0xFF,
    0xFF, 0xFF, 0xFF, 0xFF, 0xFF, 0x70, 0x00, 0x00, 0x00, 0x00, 0x00, 0x00, 0x00, 0x7F, 0xFF, 0xFF, 0xFF, 0xFF, 0xFF, 0xFF,
    0xFF, 0xE4, 0x00, 0x00, 0x00, 0x00, 0x00, 0x00, 0x00, 0x00, 0x02, 0xAF, 0xFF, 0xFF, 0xFF, 0xFF, 0xFF, 0xF8, 0x10, 0x00,
    0x00, 0x00, 0x00, 0x00, 0x00, 0x00, 0x00, 0x00, 0x01, 0x6A, 0xDE, 0xFF, 0xEC, 0x95, 0x00, 0x00, 0x00, 0x00, 0x00, 0x00,
    0x00, 0x00, 0x00, 0x00, 0x00, 0x02, 0x8C, 0xEF, 0xFE, 0xC9, 0x50, 0x00, 0x00, 0x00, 0x00, 0x00, 0x00, 0x00, 0x00, 0x00,
    0x00, 0x01, 0xBF, 0xFF, 0xFF, 0xFF, 0xFF, 0xFE, 0x70, 0x00, 0x00, 0x00, 0x00, 0x00, 0x00, 0x00, 0x00, 0x00, 0x6F, 0xFF,
    0xFF, 0xFF, 0xFF, 0xFF, 0xFF, 0xFC, 0x20, 0x00, 0x00, 0x00, 0x00, 0x00, 0x00, 0x00, 0x06, 0xFF, 0xFF, 0xFF, 0xFF, 0xFF,
    0xFF, 0xFF, 0xFF, 0xE2, 0x00, 0x00, 0x00, 0x00, 0x00, 0x00, 0x00, 0x5F, 0xFF, 0xFF, 0xC6, 0x21, 0x01, 0x48, 0xFF, 0xFF,
    0xFD, 0x00, 0x00, 0x00, 0x00, 0x00, 0x00, 0x01, 0xEF, 0xFF, 0xE5, 0x00, 0x00, 0x00, 0x00, 0x1C, 0xFF, 0xFF, 0x80, 0x00,
    0x00, 0x00, 0x00, 0x00, 0x09, 0xFF, 0xFF, 0x30, 0x00, 0x00, 0x00, 0x00, 0x00, 0xBF, 0xFF, 0xF2, 0x00, 0x00, 0x00, 0x00,
    0x00, 0x1F, 0xFF, 0xF6, 0x00, 0x00, 0x00, 0x00, 0x00, 0x00, 0x1E, 0xFF, 0xF9, 0x00, 0x00, 0x00, 0x00, 0x00, 0x7F, 0xFF,
    0xE0, 0x00, 0x00, 0x00, 0x00, 0x00, 0x00, 0x05, 0xFF, 0xFE, 0x00, 0x00, 0x00, 0x00, 0x00, 0xBF, 0xFF, 0x80, 0x00, 0x00,
    0x00, 0x00, 0x00, 0x00, 0x00, 0xEF, 0xFF, 0x50, 0x00, 0x00, 0x00, 0x00, 0xEF, 0xFF, 0x40, 0x00, 0x00, 0x00, 0x00, 0x00,
    0x00, 0x00, 0x9F, 0xFF, 0x90, 0x00, 0x00, 0x00, 0x01, 0xFF, 0xFF, 0x10, 0x00, 0x00, 0x00, 0x00, 0x00, 0x00, 0x00, 0x5F,
    0xFF, 0xC0, 0x00, 0x00, 0x00, 0x02, 0xFF, 0xFF, 0x00, 0x00, 0x00, 0x00, 0x00, 0x00, 0x00, 0x00, 0x2F, 0xFF, 0xF0, 0x00,
    0x00, 0x00, 0x03, 0xFF, 0xFF, 0x00, 0x00, 0x00, 0x00, 0x00, 0x00, 0x00, 0x00, 0x0F, 0xFF, 0xF2, 0x00, 0x00, 0x00, 0x02,
    0xFF, 0xFF, 0x10, 0x00, 0x00, 0x00, 0x00, 0x00, 0x00, 0x00, 0x0E, 0xFF, 0xF3, 0x00, 0x00, 0x00, 0x01, 0xFF, 0xFF, 0x20,
    0x00, 0x00, 0x00, 0x00, 0x00, 0x00, 0x00, 0x0D, 0xFF, 0xF4, 0x00, 0x00, 0x00, 0x00, 0xEF, 0xFF, 0x60, 0x00, 0x00, 0x00,
    0x00, 0x00, 0x00, 0x00, 0x0D, 0xFF, 0xF5, 0x00, 0x00, 0x00, 0x00, 0xAF, 0xFF, 0xB0, 0x00, 0x00, 0x00, 0x00, 0x00, 0x00,
    0x00, 0x0C, 0xFF, 0xF6, 0x00, 0x00, 0x00, 0x00, 0x6F, 0xFF, 0xF2, 0x00, 0x00, 0x00, 0x00, 0x00, 0x00, 0x00, 0x0D, 0xFF,
    0xF6, 0x00, 0x00, 0x00, 0x00, 0x0F, 0xFF, 0xFD, 0x00, 0x00, 0x00, 0x00, 0x00, 0x00, 0x00, 0x0E, 0xFF, 0xF5, 0x00, 0x00,
    0x00, 0x00, 0x08, 0xFF, 0xFF, 0xD2, 0x00, 0x00, 0x00, 0x00, 0x00, 0x17, 0xDF, 0xFF, 0xF4, 0x00, 0x00, 0x00, 0x00, 0x00,
    0xDF, 0xFF, 0xFF, 0xA5, 0x20, 0x01, 0x24, 0x7B, 0xFF, 0xFF, 0xFF, 0xF3, 0x00, 0x00, 0x00, 0x00, 0x00, 0x2E, 0xFF, 0xFF,
    0xFF, 0xFF, 0xFF, 0xFF, 0xFF, 0xFF, 0xFF, 0xFF, 0xF2, 0x00, 0x00, 0x00, 0x00, 0x00, 0x02, 0xDF, 0xFF, 0xFF, 0xFF, 0xFF,
    0xFF, 0xFF, 0xFF, 0xFF, 0xFF, 0xF0, 0x00, 0x00, 0x00, 0x00, 0x00, 0x00, 0x07, 0xFF, 0xFF, 0xFF, 0xFF, 0xFF, 0xFF, 0xD7,
    0x6F, 0xFF, 0xD0, 0x00, 0x00, 0x00, 0x00, 0x00, 0x00, 0x00, 0x05, 0xAD, 0xEF, 0xFE, 0xDA, 0x72, 0x00, 0x7F, 0xFF, 0xA0,
    0x00, 0x00, 0x00, 0x00, 0x00, 0x00, 0x00, 0x00, 0x00, 0x00, 0x00, 0x00, 0x00, 0x00, 0xBF, 0xFF, 0x70, 0x00, 0x00, 0x00,
    0x00, 0x00, 0x00, 0x00, 0x00, 0x00, 0x00, 0x00, 0x00, 0x00, 0x00, 0xFF, 0xFF, 0x30, 0x00, 0x00, 0x00, 0x00, 0x00, 0x00,
    0x00, 0x00, 0x00, 0x00, 0x00, 0x00, 0x00, 0x05, 0xFF, 0xFE, 0x00, 0x00, 0x00, 0x00, 0x00, 0x00, 0x00, 0x00, 0x00, 0x00,
    0x00, 0x00, 0x00, 0x00, 0x0B, 0xFF, 0xF9, 0x00, 0x00, 0x00, 0x00, 0x00, 0x00, 0x00, 0x00, 0x00, 0x00, 0x00, 0x00, 0x00,
    0x00, 0x2F, 0xFF, 0xF3, 0x00, 0x00, 0x00, 0x00, 0x00, 0x00, 0x00, 0x00, 0x00, 0x00, 0x00, 0x00, 0x00, 0x00, 0xBF, 0xFF,
    0xC0, 0x00, 0x00, 0x00, 0x00, 0x00, 0x00, 0x00, 0x00, 0x00, 0x00, 0x00, 0x00, 0x00, 0x06, 0xFF, 0xFF, 0x40, 0x00, 0x00,
    0x00, 0x00, 0x00, 0x00, 0x00, 0x00, 0x00, 0x00, 0x00, 0x00, 0x00, 0x3F, 0xFF, 0xFB, 0x00, 0x00, 0x00, 0x00, 0x00, 0x00,
    0x00, 0x00, 0x00, 0x00, 0x00, 0x00, 0x00, 0x03, 0xEF, 0xFF, 0xF1, 0x00, 0x00, 0x00, 0x00, 0x00, 0x00, 0x00, 0x00, 0x00,
    0x00, 0x00, 0x00, 0x00, 0x6F, 0xFF, 0xFF, 0x50, 0x00, 0x00, 0x00, 0x00, 0x00, 0x00, 0x00, 0x00, 0x00, 0x00, 0x00, 0x00,
    0x3C, 0xFF, 0xFF, 0xF7, 0x00, 0x00, 0x00, 0x00, 0x00, 0x00, 0x00, 0x00, 0x00, 0x00, 0x00, 0x01, 0x6C, 0xFF, 0xFF, 0xFF,
    0x70, 0x00, 0x00, 0x00, 0x00, 0x00, 0x00, 0x00, 0x00, 0x01, 0x23, 0x69, 0xCF, 0xFF, 0xFF, 0xFF, 0xF5, 0x00, 0x00, 0x00,
    0x00, 0x00, 0x00, 0x00, 0x00, 0x03, 0xFF, 0xFF, 0xFF, 0xFF, 0xFF, 0xFF, 0xFB, 0x20, 0x00, 0x00, 0x00, 0x00, 0x00, 0x00,
    0x00, 0x00, 0x03, 0xFF, 0xFF, 0xFF, 0xFF, 0xFF, 0xFC, 0x40, 0x00, 0x00, 0x00, 0x00, 0x00, 0x00, 0x00, 0x00, 0x00, 0x02,
    0xFF, 0xFF, 0xFF, 0xFF, 0xD9, 0x30, 0x00, 0x00, 0x00, 0x00, 0x00, 0x00, 0x00, 0x00, 0x00, 0x00, 0x02, 0xFF, 0xEC, 0xB8,
    0x52, 0x00, 0x00, 0x00, 0x00, 0x00, 0x00, 0x00, 0x00, 0x00, 0x00, 0x00, 0x00, 0x06, 0xEF, 0xD4, 0x00, 0x00, 0x00, 0x00,
    0x00, 0x5F, 0xFF, 0xFF, 0x20, 0x00, 0x00, 0x00, 0x00, 0xCF, 0xFF, 0xFF, 0x80, 0x00, 0x00, 0x00, 0x00, 0xEF, 0xFF, 0xFF,
    0xA0, 0x00, 0x00, 0x00, 0x00, 0xCF, 0xFF, 0xFF, 0x80, 0x00, 0x00, 0x00, 0x00, 0x5F, 0xFF, 0xFF, 0x20, 0x00, 0x00, 0x00,
    0x00, 0x06, 0xEF, 0xD4, 0x00, 0x00, 0x00, 0x00, 0x00, 0x00, 0x00, 0x00, 0x00, 0x00, 0x00, 0x00, 0x00, 0x00, 0x00, 0x00,
    0x00, 0x00, 0x00, 0x00, 0x00, 0x00, 0x00, 0x00, 0x00, 0x00, 0x00, 0x00, 0x00, 0x00, 0x00, 0x00, 0x00, 0x00, 0x00, 0x00,
    0x00, 0x00, 0x00, 0x00, 0x00, 0x00, 0x00, 0x00, 0x00, 0x00, 0x00, 0x00, 0x00, 0x00, 0x00, 0x00, 0x00, 0x00, 0x00, 0x00,
    0x00, 0x00, 0x00, 0x00, 0x00, 0x00, 0x00, 0x00, 0x00, 0x00, 0x00, 0x00, 0x00, 0x00, 0x00, 0x00, 0x00, 0x00, 0x00, 0x00,
    0x00, 0x00, 0x00, 0x00, 0x00, 0x00, 0x00, 0x00, 0x00, 0x00, 0x00, 0x00, 0x00, 0x00, 0x00, 0x00, 0x00, 0x00, 0x00, 0x00,
    0x00, 0x00, 0x00, 0x00, 0x00, 0x00, 0x00, 0x00, 0x00, 0x00, 0x00, 0x00, 0x00, 0x00, 0x00, 0x00, 0x00, 0x00, 0x00, 0x00,
    0x00, 0x00, 0x00, 0x00, 0x00, 0x00, 0x00, 0x00, 0x00, 0x00, 0x00, 0x00, 0x00, 0x00, 0x00, 0x00, 0x00, 0x00, 0x00, 0x00,
    0x00, 0x00, 0x00, 0x00, 0x00, 0x00, 0x00, 0x00, 0x00, 0x00, 0x00, 0x00, 0x00, 0x06, 0xEF, 0xD4, 0x00, 0x00, 0x00, 0x00,
    0x00, 0x5F, 0xFF, 0xFF, 0x20, 0x00, 0x00, 0x00, 0x00, 0xCF, 0xFF, 0xFF, 0x80, 0x00, 0x00, 0x00, 0x00, 0xEF, 0xFF, 0xFF,
    0xA0, 0x00, 0x00, 0x00, 0x00, 0xCF, 0xFF, 0xFF, 0x80, 0x00, 0x00, 0x00, 0x00, 0x5F, 0xFF, 0xFF, 0x20, 0x00, 0x00, 0x00,
    0x00, 0x06, 0xEF, 0xD4, 0x00, 0x00, 0x00,
};

static const glyph_t font_huge_glyphs[] = {
    { 0, 17, 19, 0, 37, 17 }, /* - */
    { 171, 15, 7, 0, 49, 15 }, /* . */
    { 227, 25, 58, -2, 9, 22 }, /* 0x2F */
    { 981, 34, 44, 0, 13, 34 }, /* 0 */
    { 1729, 34, 42, 0, 14, 34 }, /* 1 */
    { 2443, 34, 43, 0, 13, 34 }, /* 2 */
    { 3174, 34, 44, 0, 13, 34 }, /* 3 */
    { 3922, 34, 42, 0, 14, 34 }, /* 4 */
    { 4636, 34, 43, 0, 14, 34 }, /* 5 */
    { 5367, 34, 43, 0, 14, 34 }, /* 6 */
    { 6098, 34, 42, 0, 14, 34 }, /* 7 */
    { 6812, 34, 44, 0, 13, 34 }, /* 8 */
    { 7560, 34, 43, 0, 13, 34 }, /* 9 */
    { 8291, 15, 32, 0, 24, 15 }, /* : */
};

static const font_t font_huge = {
    font_huge_bitmap, font_huge_glyphs, '-', ':', 68, 56
};
